id,paragraph,question,choices,answer,question_plus
kbs-korean54-61,"벌써 삼십 분이나 지났군. 출입문 위쪽에 붙은 낡은 벽시계가 여덟 시 십오 분을 가리키고 있다. 하긴 뭐 벌써라는 말을 쓰는 것도 새삼스럽다고 그는 고쳐 생각한다. 이렇게 작은 산골 간이역에서 제시간에 정확히 도착하는 완행열차를 보기가 그리 쉬운 일은 아님을 익히 알고 있는 탓이다. 더구나 오늘은 ㉠ 눈까지 내리고 있지 않은가. 역장은 손바닥을 비비며 창가로 다가가더니 유리창 너머로 무심히 시선을 던진다. 건널목 옆 외눈박이 ㉡ 수은등이 껑충하게 서서 홀로 눈을 맞으며 희뿌연 얼굴로 땅바닥을 내려다보고 있다. 송이눈이다. 갓난아이의 주먹만 한 눈송이들은 어둠 저편에 까맣게 숨어 있다가 느닷없이 수은등의 불빛 속에 뛰어들어 오면서 뚱그렇게 놀란 표정을 미처 지우지 못한 채 땅바닥으로 곤두박질치고 있다. 굉장한 눈이다. 바람도 그리 없는데 눈발이 비스듬히 비껴 날리고 있다. 늙은 역장은 조금은 근심스러운 기색으로 유리창에 얼굴을 바짝 대어 본다. 하지만 콧김이 먼저 재빠르게 유리창에 달라붙어 뿌연 물방울을 만들었기 때문에 소매로 훔쳐 내야 했다. 철길은 아직까지는 이상이 없었다. <중략> 음울한 표정의 중년 사내는 대학생이 아까부터 톱밥을 뿌려 대고 있는 모습을 곁에서 줄곧 지켜보고 있는 참이다. 대학생의 얼굴은 줄곧 상기되어 있다. 이 젊은 친구가 어쩌면 꿈을 꾸고 있는지도 모르겠군. 그러면서도 사내 역시 톱밥을 한 줌 집어낸다. 그리고는 대학생이 하듯 달아오른 난로에 톱밥을 뿌려 준다. 호르르르. 역시 삐비꽃 같은 불꽃이 환히 피어오른다. 사내는 불빛 속에서 누군가의 얼굴을 얼핏 본 듯하다. 허 씨 같기도 하고 전혀 낯모르는 다른 사람인 것도 같은, 확실치 않은 얼굴이었다. 사내의 음울한 눈동자가 간절한 그리움으로 반짝 빛나기 시작한다. 사내는 다시 한 줌의 톱밥을 집어 불빛 속에 던져 넣고 있다. 어느새 농부도, 아낙네들도, 서울 여자와 춘심이도 이젠 모두 그 두 사람의 치기 어린 장난을 지켜보고 있다. 누구도 입을 열지 않았다. 사평역을 경유하는 야간 ㉢ 완행열차는 두 시간을 연착한 후에야 도착했다. 막상 열차가 도착했을 때, ㉣ 대합실에서 그때까지 기다리고 있던 승객들은 반가움보다는 차라리 피곤함과 허탈감에 젖은 모습으로 열차에 올라탔다. 늙은 역장은 하얗게 눈을 맞으며 깃발을 흔들어 출발 신호를 보냈고, 이어 열차는 천천히 미끄러져 가기 시작했다. 얼핏, 누군가가 아직 들어가지 않고 열차 난간에 기대어 서 있는 게 보였다. 역장은 그 사람이 재 너머 오 씨 큰아들임을 알았다. 고개를 반쯤 숙인 채 난간 손잡이에 위태로운 자세로 기대어 있는 청년의 모습이 역장은 왠지 마음에 걸렸다. 이내 열차는 어둠 속으로 길게 기적을 남기며 사라져 버렸다. 한동안 열차가 달려가 버린 어둠 저편을 망연히 응시하고 서 있던 늙은 역장은 옷에 금방 수북이 쌓인 눈을 털어 내며 대합실로 들어섰다. 난로를 꺼야 하기 때문이었다. 거기서 역장은 뜻밖에도 아직 기차를 타지 않고 남아 있는 한 사람을 발견했다. 미친 여자였다. 지금껏 난로 곁에 가지 않았던 유일한 사람이었던 그녀는 이제 난로를 독차지한 채, 아까 병든 늙은이가 앉았던 의자에 비스듬히 앉아 잠들어 있었다. 그녀의 집이 어디며, 또 어디서 왔는지 역장은 전혀 모른다. 다만 이따금 그녀가 이 마을을 찾아왔다가는 열차를 타고 떠나곤 했다는 정도만 기억할 뿐이었다. 오늘은 왜 이 여자가 다른 사람들을 따라 열차를 타지 않았을까 하고 역장은 의아하게 생각했다. 아마 그 여자에겐 갈 곳이 없었을지도 모른다. 그녀에게 있어서 출발이란 것은 이 하룻밤, 아니 단 몇 분 동안이나마 홀로 누릴 수 있는 난로의 따뜻한 불기만큼의 의미조차도 없는 까닭이리라. 역장은 문득 그녀가 걱정스러웠다. 올 겨울 같은 혹독한 추위에 아직 얼어 죽지 않고 여기까지 흘러들어 왔다는 사실이 신기했다. 꿈이라도 꾸는 중인지, 땟국물에 젖은 여자의 입술 한 귀퉁이엔 보일락 말락 웃음이 한 조각 희미하게 남아 있었다. 이거 참 난처한걸. 난로를 그대로 두고 갈 수도 없고……. 하지만 결국 역장은 김 씨를 깨우러 가기 전에 ㉤ 톱밥을 더 가져다가 난로에 부어 줘야겠다고 생각하며 천천히 사무실로 돌아가고 있었다. 눈은 밤새 내내 내릴 모양이었다. - 임철우, ｢사평역｣",윗글에 대한 설명으로 가장 적절한 것은?,"['과거 회상을 통해 중심 사건을 제시하고 있다.', '특정 인물의 시각을 빌려 등장인물들의 상황을 제시하고 있다.', '역순행적 구성을 통해 사건 전개의 입체성을 강조하고 있다.', '세밀한 배경 묘사 없이 공간의 이동을 중심으로 표현하고 있다.', '여러 인물 간의 갈등을 통해 시대적 상황을 짐작하게 하고 있다.']",2,
kbs-korean54-62,"벌써 삼십 분이나 지났군. 출입문 위쪽에 붙은 낡은 벽시계가 여덟 시 십오 분을 가리키고 있다. 하긴 뭐 벌써라는 말을 쓰는 것도 새삼스럽다고 그는 고쳐 생각한다. 이렇게 작은 산골 간이역에서 제시간에 정확히 도착하는 완행열차를 보기가 그리 쉬운 일은 아님을 익히 알고 있는 탓이다. 더구나 오늘은 ㉠ 눈까지 내리고 있지 않은가. 역장은 손바닥을 비비며 창가로 다가가더니 유리창 너머로 무심히 시선을 던진다. 건널목 옆 외눈박이 ㉡ 수은등이 껑충하게 서서 홀로 눈을 맞으며 희뿌연 얼굴로 땅바닥을 내려다보고 있다. 송이눈이다. 갓난아이의 주먹만 한 눈송이들은 어둠 저편에 까맣게 숨어 있다가 느닷없이 수은등의 불빛 속에 뛰어들어 오면서 뚱그렇게 놀란 표정을 미처 지우지 못한 채 땅바닥으로 곤두박질치고 있다. 굉장한 눈이다. 바람도 그리 없는데 눈발이 비스듬히 비껴 날리고 있다. 늙은 역장은 조금은 근심스러운 기색으로 유리창에 얼굴을 바짝 대어 본다. 하지만 콧김이 먼저 재빠르게 유리창에 달라붙어 뿌연 물방울을 만들었기 때문에 소매로 훔쳐 내야 했다. 철길은 아직까지는 이상이 없었다. <중략> 음울한 표정의 중년 사내는 대학생이 아까부터 톱밥을 뿌려 대고 있는 모습을 곁에서 줄곧 지켜보고 있는 참이다. 대학생의 얼굴은 줄곧 상기되어 있다. 이 젊은 친구가 어쩌면 꿈을 꾸고 있는지도 모르겠군. 그러면서도 사내 역시 톱밥을 한 줌 집어낸다. 그리고는 대학생이 하듯 달아오른 난로에 톱밥을 뿌려 준다. 호르르르. 역시 삐비꽃 같은 불꽃이 환히 피어오른다. 사내는 불빛 속에서 누군가의 얼굴을 얼핏 본 듯하다. 허 씨 같기도 하고 전혀 낯모르는 다른 사람인 것도 같은, 확실치 않은 얼굴이었다. 사내의 음울한 눈동자가 간절한 그리움으로 반짝 빛나기 시작한다. 사내는 다시 한 줌의 톱밥을 집어 불빛 속에 던져 넣고 있다. 어느새 농부도, 아낙네들도, 서울 여자와 춘심이도 이젠 모두 그 두 사람의 치기 어린 장난을 지켜보고 있다. 누구도 입을 열지 않았다. 사평역을 경유하는 야간 ㉢ 완행열차는 두 시간을 연착한 후에야 도착했다. 막상 열차가 도착했을 때, ㉣ 대합실에서 그때까지 기다리고 있던 승객들은 반가움보다는 차라리 피곤함과 허탈감에 젖은 모습으로 열차에 올라탔다. 늙은 역장은 하얗게 눈을 맞으며 깃발을 흔들어 출발 신호를 보냈고, 이어 열차는 천천히 미끄러져 가기 시작했다. 얼핏, 누군가가 아직 들어가지 않고 열차 난간에 기대어 서 있는 게 보였다. 역장은 그 사람이 재 너머 오 씨 큰아들임을 알았다. 고개를 반쯤 숙인 채 난간 손잡이에 위태로운 자세로 기대어 있는 청년의 모습이 역장은 왠지 마음에 걸렸다. 이내 열차는 어둠 속으로 길게 기적을 남기며 사라져 버렸다. 한동안 열차가 달려가 버린 어둠 저편을 망연히 응시하고 서 있던 늙은 역장은 옷에 금방 수북이 쌓인 눈을 털어 내며 대합실로 들어섰다. 난로를 꺼야 하기 때문이었다. 거기서 역장은 뜻밖에도 아직 기차를 타지 않고 남아 있는 한 사람을 발견했다. 미친 여자였다. 지금껏 난로 곁에 가지 않았던 유일한 사람이었던 그녀는 이제 난로를 독차지한 채, 아까 병든 늙은이가 앉았던 의자에 비스듬히 앉아 잠들어 있었다. 그녀의 집이 어디며, 또 어디서 왔는지 역장은 전혀 모른다. 다만 이따금 그녀가 이 마을을 찾아왔다가는 열차를 타고 떠나곤 했다는 정도만 기억할 뿐이었다. 오늘은 왜 이 여자가 다른 사람들을 따라 열차를 타지 않았을까 하고 역장은 의아하게 생각했다. 아마 그 여자에겐 갈 곳이 없었을지도 모른다. 그녀에게 있어서 출발이란 것은 이 하룻밤, 아니 단 몇 분 동안이나마 홀로 누릴 수 있는 난로의 따뜻한 불기만큼의 의미조차도 없는 까닭이리라. 역장은 문득 그녀가 걱정스러웠다. 올 겨울 같은 혹독한 추위에 아직 얼어 죽지 않고 여기까지 흘러들어 왔다는 사실이 신기했다. 꿈이라도 꾸는 중인지, 땟국물에 젖은 여자의 입술 한 귀퉁이엔 보일락 말락 웃음이 한 조각 희미하게 남아 있었다. 이거 참 난처한걸. 난로를 그대로 두고 갈 수도 없고……. 하지만 결국 역장은 김 씨를 깨우러 가기 전에 ㉤ 톱밥을 더 가져다가 난로에 부어 줘야겠다고 생각하며 천천히 사무실로 돌아가고 있었다. 눈은 밤새 내내 내릴 모양이었다. - 임철우, ｢사평역｣",밑줄 친 ㉠~㉤의 의미를 추론한 것으로 적절하지 않은 것은?,"['㉠눈: 계절적 배경이 드러남과 동시에 사람들의 고단한 삶을 상징하고 있다.', '㉡수은등: 홀로 눈을 맞고 있는 모습을 통해 고된 현실을 살아가는 사람들을 연상하게 한다. ', '㉢완행열차: 추위 속에서 편안한 휴식을 위해 기다리는 마지막 바람과 같은 대상이다.', '㉣대합실: 연착된 열차를 기다리며 여러 인물 간의 갈등이 유발되는 공간이다.', '㉤톱밥: 마지막까지 남아 있는 여자를 위해 떠올린 것으로 고된 삶에 대한 연민을 의미한다.']",4,
kbs-korean54-63,"벌써 삼십 분이나 지났군. 출입문 위쪽에 붙은 낡은 벽시계가 여덟 시 십오 분을 가리키고 있다. 하긴 뭐 벌써라는 말을 쓰는 것도 새삼스럽다고 그는 고쳐 생각한다. 이렇게 작은 산골 간이역에서 제시간에 정확히 도착하는 완행열차를 보기가 그리 쉬운 일은 아님을 익히 알고 있는 탓이다. 더구나 오늘은 ㉠ 눈까지 내리고 있지 않은가. 역장은 손바닥을 비비며 창가로 다가가더니 유리창 너머로 무심히 시선을 던진다. 건널목 옆 외눈박이 ㉡ 수은등이 껑충하게 서서 홀로 눈을 맞으며 희뿌연 얼굴로 땅바닥을 내려다보고 있다. 송이눈이다. 갓난아이의 주먹만 한 눈송이들은 어둠 저편에 까맣게 숨어 있다가 느닷없이 수은등의 불빛 속에 뛰어들어 오면서 뚱그렇게 놀란 표정을 미처 지우지 못한 채 땅바닥으로 곤두박질치고 있다. 굉장한 눈이다. 바람도 그리 없는데 눈발이 비스듬히 비껴 날리고 있다. 늙은 역장은 조금은 근심스러운 기색으로 유리창에 얼굴을 바짝 대어 본다. 하지만 콧김이 먼저 재빠르게 유리창에 달라붙어 뿌연 물방울을 만들었기 때문에 소매로 훔쳐 내야 했다. 철길은 아직까지는 이상이 없었다. <중략> 음울한 표정의 중년 사내는 대학생이 아까부터 톱밥을 뿌려 대고 있는 모습을 곁에서 줄곧 지켜보고 있는 참이다. 대학생의 얼굴은 줄곧 상기되어 있다. 이 젊은 친구가 어쩌면 꿈을 꾸고 있는지도 모르겠군. 그러면서도 사내 역시 톱밥을 한 줌 집어낸다. 그리고는 대학생이 하듯 달아오른 난로에 톱밥을 뿌려 준다. 호르르르. 역시 삐비꽃 같은 불꽃이 환히 피어오른다. 사내는 불빛 속에서 누군가의 얼굴을 얼핏 본 듯하다. 허 씨 같기도 하고 전혀 낯모르는 다른 사람인 것도 같은, 확실치 않은 얼굴이었다. 사내의 음울한 눈동자가 간절한 그리움으로 반짝 빛나기 시작한다. 사내는 다시 한 줌의 톱밥을 집어 불빛 속에 던져 넣고 있다. 어느새 농부도, 아낙네들도, 서울 여자와 춘심이도 이젠 모두 그 두 사람의 치기 어린 장난을 지켜보고 있다. 누구도 입을 열지 않았다. 사평역을 경유하는 야간 ㉢ 완행열차는 두 시간을 연착한 후에야 도착했다. 막상 열차가 도착했을 때, ㉣ 대합실에서 그때까지 기다리고 있던 승객들은 반가움보다는 차라리 피곤함과 허탈감에 젖은 모습으로 열차에 올라탔다. 늙은 역장은 하얗게 눈을 맞으며 깃발을 흔들어 출발 신호를 보냈고, 이어 열차는 천천히 미끄러져 가기 시작했다. 얼핏, 누군가가 아직 들어가지 않고 열차 난간에 기대어 서 있는 게 보였다. 역장은 그 사람이 재 너머 오 씨 큰아들임을 알았다. 고개를 반쯤 숙인 채 난간 손잡이에 위태로운 자세로 기대어 있는 청년의 모습이 역장은 왠지 마음에 걸렸다. 이내 열차는 어둠 속으로 길게 기적을 남기며 사라져 버렸다. 한동안 열차가 달려가 버린 어둠 저편을 망연히 응시하고 서 있던 늙은 역장은 옷에 금방 수북이 쌓인 눈을 털어 내며 대합실로 들어섰다. 난로를 꺼야 하기 때문이었다. 거기서 역장은 뜻밖에도 아직 기차를 타지 않고 남아 있는 한 사람을 발견했다. 미친 여자였다. 지금껏 난로 곁에 가지 않았던 유일한 사람이었던 그녀는 이제 난로를 독차지한 채, 아까 병든 늙은이가 앉았던 의자에 비스듬히 앉아 잠들어 있었다. 그녀의 집이 어디며, 또 어디서 왔는지 역장은 전혀 모른다. 다만 이따금 그녀가 이 마을을 찾아왔다가는 열차를 타고 떠나곤 했다는 정도만 기억할 뿐이었다. 오늘은 왜 이 여자가 다른 사람들을 따라 열차를 타지 않았을까 하고 역장은 의아하게 생각했다. 아마 그 여자에겐 갈 곳이 없었을지도 모른다. 그녀에게 있어서 출발이란 것은 이 하룻밤, 아니 단 몇 분 동안이나마 홀로 누릴 수 있는 난로의 따뜻한 불기만큼의 의미조차도 없는 까닭이리라. 역장은 문득 그녀가 걱정스러웠다. 올 겨울 같은 혹독한 추위에 아직 얼어 죽지 않고 여기까지 흘러들어 왔다는 사실이 신기했다. 꿈이라도 꾸는 중인지, 땟국물에 젖은 여자의 입술 한 귀퉁이엔 보일락 말락 웃음이 한 조각 희미하게 남아 있었다. 이거 참 난처한걸. 난로를 그대로 두고 갈 수도 없고……. 하지만 결국 역장은 김 씨를 깨우러 가기 전에 ㉤ 톱밥을 더 가져다가 난로에 부어 줘야겠다고 생각하며 천천히 사무실로 돌아가고 있었다. 눈은 밤새 내내 내릴 모양이었다. - 임철우, ｢사평역｣",윗글에 나타난 인물에 대한 설명으로 가장 적절한 것은?,"['‘중년 사내’는 ‘대학생’의 행동에 불쾌함을 느꼈다.', '‘역장’은 ‘오 씨 큰아들’의 행동을 그리워하고 있다.', '‘미친 여자’는 ‘병든 늙은이’의 채취를 그리워하고 있다.', '‘역장’은 승객들을 열차에 태워 보낸 후 피곤함과 허탈감을 느끼고 있다.', '‘서울 여자’와 ‘춘심이’는 ‘대학생’과 ‘중년 사내’의 행동에 특별한 감정을 드러내지 않았다.']",5,
kbs-korean54-64,"까마득한 날에
하늘이 처음 열리고
어디 닭 우는 소리 들렸으랴.
모든 산맥(山脈)들이
바다를 연모(戀慕)해 휘달릴 때에도
차마 이 곳을 범(犯)하던 못하였으리라.
끊임없는 광음(光陰)을
부지런한 계절(季節)이 피어선 지고
큰 강물이 비로소 길을 열었다.
지금 눈 내리고
매화 향기(梅花香氣) 홀로 아득하니
㉠ 내 여기 가난한 노래의 씨를 뿌려라.
다시 천고(千古)의 뒤에
백마(白馬) 타고 오는 초인(超人)이 있어
이 광야(曠野)에서 목놓아 부르게 하리라. - 이육사, 「광야(廣野)」",윗글에 대한 설명으로 적절하지 않은 것은?,"['시선의 이동에 따라 시상이 전개되고 있다.', '추상적인 대상을 구체화하여 표현하고 있다.', '대조적인 시어를 배치하여 시적 의미를 부각하고 있다.', '동일한 종결형을 반복하여 시적 화자의 의지를 강조하고 있다.', '시적 공간의 역사성을 강조하며 미래 지향적 태도를 드러내고 있다.']",1,
kbs-korean54-65,"까마득한 날에
하늘이 처음 열리고
어디 닭 우는 소리 들렸으랴.
모든 산맥(山脈)들이
바다를 연모(戀慕)해 휘달릴 때에도
차마 이 곳을 범(犯)하던 못하였으리라.
끊임없는 광음(光陰)을
부지런한 계절(季節)이 피어선 지고
큰 강물이 비로소 길을 열었다.
지금 눈 내리고
매화 향기(梅花香氣) 홀로 아득하니
㉠ 내 여기 가난한 노래의 씨를 뿌려라.
다시 천고(千古)의 뒤에
백마(白馬) 타고 오는 초인(超人)이 있어
이 광야(曠野)에서 목놓아 부르게 하리라. - 이육사, 「광야(廣野)」",윗글에 대한 설명으로 적절하지 않은 것은?,"['기쁨도 눈물이 없으면 기쁨이 아니다 사랑도 눈물 없는 사랑이 어디 있는가 - 정호승, 「내가 사랑하는 사람」中', '모가지를 드리우고 / 꽃처럼 붉은 피를 어두워 가는 하늘 밑에 / 조용히 흘리겠습니다. - 윤동주, 「십자가」中', '풀이 눕는다 / 비를 몰아오는 동풍에 나부껴. 풀은 눕고 / 드디어 울었다 / 날이 흐려서 더 울다가 / 다시 누웠다 - 김수영, 「풀」中', '어제 이 버스를 탔던 / 처녀 총각 아이 어른 미용사 외판원 파출부 실업자의 입김과 숨결이 간밤에 은밀히 만나 피워 낸 / 번뜩이는 기막힌 아름다움 - 최두석, 「성에꽃」中', '멀리 동해 바다를 내려다보며 생각한다 / 널따란 바다처럼 너그러워질 수는 없을까 깊고 짙푸른 바다처럼 / 감싸고 끌어안고 받아들일 수는 없을까 스스로는 억센 파도로 다스리면서 / 제 몸은 맵고 모진 매로 채찍질하면서 - 신경림, 「동해바다 – 후포에서」 中']",2,"속죄양 모티프는 인류의 죄를 대신해 십자가에 못 박힌 예수의 삶에서 비롯된 것으로, 자신을 희생하여 인류나 민족을 구원하려는 행위나 의식을 말한다."
kbs-korean54-66,"어느 공공 주택 단지의 인적이 드문 공터에 사람들이 버린 쓰레기가 쌓여 해당 구청 측이 골머리를 앓고 있었다. 주기적으로 청소차와 인력을 보내 깔끔하게 치워도 하루 이틀만 지나면 다시 쓰레기가 쌓였다. 해결 방법을 고심하던 차에 한 공무원이 아이디어를 냈고, 그 결과 공터에 예쁜 꽃밭이 조성 되었다. 그 이후 더 이상 그곳에 쓰레기가 쌓이지 않았다. 어떻게 이런 변화가 일어난 것일까? 어떤 선택을 강제로 금지하거나 경제적 유인책을 제공하지 않고도 예상 가능한 방향으로 사람들의 행동을 변화하도록 유도하는 것을 ‘넛지(nudge)’라고 한다. ‘넛지’는 원래 ‘팔꿈치로 슬쩍 찌르다’라는 의미를 지닌 영어 단어지만, 미국의 행동경제학자 리처드 탈러와 하버드 로스쿨의 캐스 선스타인 교 수는 ‘사람들의 바람직한 선택을 부드럽게 유도하되, 선택의 자유는 여전히 개인에게 열려 있는 상태’ 라는 의미로 이를 새롭게 정의했다. ‘넛지’ 형태의 간섭은 쉽게 피할 수 있어야 하며, 또 그렇게 하는 데 비용도 적게 들어야 한다. 또한 ‘넛지’는 명령이나 지시가 아니다. 쓰레기 불법 투기를 막기 위해 공터에 꽃밭을 조성하는 것은 ‘넛지’다. 그러나 쓰레기 불법 투기자를 CCTV로 촬영하여 벌금을 부과 하는 등의 법적 제재를 가하는 것은 ‘넛지’가 아니다. 이러한 ‘넛지’를 만드는 사람을 ‘선택 설계자(choice architect)’라 부른다. ‘선택 설계자’는 사람들이 결정을 내리는 데 배경이 되는 정황이나 맥락을 만드는 사람이다. 우리 주변에는 이러한 ‘선택 설계 자’가 무수히 많다. 환자에게 선택 가능한 다양한 치료법을 설명하고 소개해야 하는 의사도 ‘선택 설 계자’다. 학생에게 실천 가능한 여러 공부 방법이나 학교생활 개선 방법 등을 안내하는 교사도 ‘선택 설계자’다. 리처드 탈러와 캐스 선스타인 교수는 ‘선택 설계자’에 의한 ‘넛지’가 필요한 이유를 인간의 성향 때 문이라고 설명한다. 그들은 인간이 불합리한 존재라고 주장한다. 인간들 스스로는 자신을 합리적인 존 재라고 여기고 있지만, 부족한 정보나 잘못된 편견, 판단 등으로 인해 부적절한 결정을 내리는 경우가 많다는 것이다. 예를 들어, 어느 백화점에서 당일 20만 원 이상 구매 고객에게 1만원 상당의 사은품 을 주는 행사를 실시하는 경우, 많은 사람들이 사은품을 받기 위해 필요하지도 않은 물건을 구매한다. 사은품을 받은 사람들은 자신이 합리적 선택을 했다고 흐뭇해한다. 하지만 약간의 시간이 지나 자신 이 구입한 필요 없는 물건을 보고는 이내 자신의 잘못된 선택에 후회를 하는 것이다. 저자들은 이러 한 인간의 불완전성에 근거하여 ‘넛지’의 필요성을 역설한다. 어떤 특정한 정책이나 방침이 보다 나은 결과를 가져올 것이라 예측될 경우 ‘넛지’를 이용해 선택의 자유를 존중하면서도 좀 더 현명한 선택을 하게끔 사람들을 이끌어야 한다는 것이다. 물론, 이러한 ‘넛지’에 반대하는 사람들도 존재한다. 선택의 자유를 옹호하는 사람들은 그 누구도 사 람들의 선택을 의도적으로 유도하거나 조종해서는 안 된다고 주장한다. 그들은 ‘넛지’의 필요성을 주 장하는 사람들이 매우 미끄러운 비탈길을 미끄러져 내려가기 시작했다고 우려한다. 즉, 자유주의적 개 입주의를 허용하고 받아들이면 이후에는 극도의 개입주의적 간섭이 뒤따를 것이 분명하다는 것이다. 그러나 ‘넛지’ 찬성론자들은 과도한 자유주의가 오히려 인간의 잘못된 선택을 방관하고, 그 결과 심각 한 위험을 초래할 수 있다는 점을 지적하며, 자유주의적 개입주의인 ‘넛지’의 필요성을 강조하고 있다.",윗글의 내용과 일치하지 않는 것은?,"['넛지는 인간의 합리적이지 못한 특성으로 인해 필요하다.', '넛지는 사람들이 현명한 선택을 하도록 도와주는 역할을 한다.', '넛지에 반대하는 사람들은 넛지의 효과 자체를 인정하지 않고 있다.', '넛지로 인한 간섭을 피하는 데는 노력이나 비용이 적게 들어야 한다.', '넛지 찬성론자들은 인간의 잘못된 선택과 그로 인한 위험에 대해 염려한다.']",3,
kbs-korean54-67,"어느 공공 주택 단지의 인적이 드문 공터에 사람들이 버린 쓰레기가 쌓여 해당 구청 측이 골머리를 앓고 있었다. 주기적으로 청소차와 인력을 보내 깔끔하게 치워도 하루 이틀만 지나면 다시 쓰레기가 쌓였다. 해결 방법을 고심하던 차에 한 공무원이 아이디어를 냈고, 그 결과 공터에 예쁜 꽃밭이 조성 되었다. 그 이후 더 이상 그곳에 쓰레기가 쌓이지 않았다. 어떻게 이런 변화가 일어난 것일까? 어떤 선택을 강제로 금지하거나 경제적 유인책을 제공하지 않고도 예상 가능한 방향으로 사람들의 행동을 변화하도록 유도하는 것을 ‘넛지(nudge)’라고 한다. ‘넛지’는 원래 ‘팔꿈치로 슬쩍 찌르다’라는 의미를 지닌 영어 단어지만, 미국의 행동경제학자 리처드 탈러와 하버드 로스쿨의 캐스 선스타인 교 수는 ‘사람들의 바람직한 선택을 부드럽게 유도하되, 선택의 자유는 여전히 개인에게 열려 있는 상태’ 라는 의미로 이를 새롭게 정의했다. ‘넛지’ 형태의 간섭은 쉽게 피할 수 있어야 하며, 또 그렇게 하는 데 비용도 적게 들어야 한다. 또한 ‘넛지’는 명령이나 지시가 아니다. 쓰레기 불법 투기를 막기 위해 공터에 꽃밭을 조성하는 것은 ‘넛지’다. 그러나 쓰레기 불법 투기자를 CCTV로 촬영하여 벌금을 부과 하는 등의 법적 제재를 가하는 것은 ‘넛지’가 아니다. 이러한 ‘넛지’를 만드는 사람을 ‘선택 설계자(choice architect)’라 부른다. ‘선택 설계자’는 사람들이 결정을 내리는 데 배경이 되는 정황이나 맥락을 만드는 사람이다. 우리 주변에는 이러한 ‘선택 설계 자’가 무수히 많다. 환자에게 선택 가능한 다양한 치료법을 설명하고 소개해야 하는 의사도 ‘선택 설 계자’다. 학생에게 실천 가능한 여러 공부 방법이나 학교생활 개선 방법 등을 안내하는 교사도 ‘선택 설계자’다. 리처드 탈러와 캐스 선스타인 교수는 ‘선택 설계자’에 의한 ‘넛지’가 필요한 이유를 인간의 성향 때 문이라고 설명한다. 그들은 인간이 불합리한 존재라고 주장한다. 인간들 스스로는 자신을 합리적인 존 재라고 여기고 있지만, 부족한 정보나 잘못된 편견, 판단 등으로 인해 부적절한 결정을 내리는 경우가 많다는 것이다. 예를 들어, 어느 백화점에서 당일 20만 원 이상 구매 고객에게 1만원 상당의 사은품 을 주는 행사를 실시하는 경우, 많은 사람들이 사은품을 받기 위해 필요하지도 않은 물건을 구매한다. 사은품을 받은 사람들은 자신이 합리적 선택을 했다고 흐뭇해한다. 하지만 약간의 시간이 지나 자신 이 구입한 필요 없는 물건을 보고는 이내 자신의 잘못된 선택에 후회를 하는 것이다. 저자들은 이러 한 인간의 불완전성에 근거하여 ‘넛지’의 필요성을 역설한다. 어떤 특정한 정책이나 방침이 보다 나은 결과를 가져올 것이라 예측될 경우 ‘넛지’를 이용해 선택의 자유를 존중하면서도 좀 더 현명한 선택을 하게끔 사람들을 이끌어야 한다는 것이다. 물론, 이러한 ‘넛지’에 반대하는 사람들도 존재한다. 선택의 자유를 옹호하는 사람들은 그 누구도 사 람들의 선택을 의도적으로 유도하거나 조종해서는 안 된다고 주장한다. 그들은 ‘넛지’의 필요성을 주 장하는 사람들이 매우 미끄러운 비탈길을 미끄러져 내려가기 시작했다고 우려한다. 즉, 자유주의적 개 입주의를 허용하고 받아들이면 이후에는 극도의 개입주의적 간섭이 뒤따를 것이 분명하다는 것이다. 그러나 ‘넛지’ 찬성론자들은 과도한 자유주의가 오히려 인간의 잘못된 선택을 방관하고, 그 결과 심각 한 위험을 초래할 수 있다는 점을 지적하며, 자유주의적 개입주의인 ‘넛지’의 필요성을 강조하고 있다.",‘넛지’를 긍정적으로 활용한 사례는?,"['일정한 기간을 정해 정기 세일을 진행하는 백화점', '포인트 적립 제도를 활용하여 판매량을 높이려는 카페 사장', '벌점과 상점의 누적을 통해 학생들에게 벌 또는 상을 주는 학교', '몸에 좋은 음식을 그렇지 않은 음식보다 더 잘 보이게 배열하는 영양사', '동일한 상품의 동시 구매 개수에 따라 할인율을 차등 적용하는 대형 마트']",4,
kbs-korean54-68,"어느 공공 주택 단지의 인적이 드문 공터에 사람들이 버린 쓰레기가 쌓여 해당 구청 측이 골머리를 앓고 있었다. 주기적으로 청소차와 인력을 보내 깔끔하게 치워도 하루 이틀만 지나면 다시 쓰레기가 쌓였다. 해결 방법을 고심하던 차에 한 공무원이 아이디어를 냈고, 그 결과 공터에 예쁜 꽃밭이 조성 되었다. 그 이후 더 이상 그곳에 쓰레기가 쌓이지 않았다. 어떻게 이런 변화가 일어난 것일까? 어떤 선택을 강제로 금지하거나 경제적 유인책을 제공하지 않고도 예상 가능한 방향으로 사람들의 행동을 변화하도록 유도하는 것을 ‘넛지(nudge)’라고 한다. ‘넛지’는 원래 ‘팔꿈치로 슬쩍 찌르다’라는 의미를 지닌 영어 단어지만, 미국의 행동경제학자 리처드 탈러와 하버드 로스쿨의 캐스 선스타인 교 수는 ‘사람들의 바람직한 선택을 부드럽게 유도하되, 선택의 자유는 여전히 개인에게 열려 있는 상태’ 라는 의미로 이를 새롭게 정의했다. ‘넛지’ 형태의 간섭은 쉽게 피할 수 있어야 하며, 또 그렇게 하는 데 비용도 적게 들어야 한다. 또한 ‘넛지’는 명령이나 지시가 아니다. 쓰레기 불법 투기를 막기 위해 공터에 꽃밭을 조성하는 것은 ‘넛지’다. 그러나 쓰레기 불법 투기자를 CCTV로 촬영하여 벌금을 부과 하는 등의 법적 제재를 가하는 것은 ‘넛지’가 아니다. 이러한 ‘넛지’를 만드는 사람을 ‘선택 설계자(choice architect)’라 부른다. ‘선택 설계자’는 사람들이 결정을 내리는 데 배경이 되는 정황이나 맥락을 만드는 사람이다. 우리 주변에는 이러한 ‘선택 설계 자’가 무수히 많다. 환자에게 선택 가능한 다양한 치료법을 설명하고 소개해야 하는 의사도 ‘선택 설 계자’다. 학생에게 실천 가능한 여러 공부 방법이나 학교생활 개선 방법 등을 안내하는 교사도 ‘선택 설계자’다. 리처드 탈러와 캐스 선스타인 교수는 ‘선택 설계자’에 의한 ‘넛지’가 필요한 이유를 인간의 성향 때 문이라고 설명한다. 그들은 인간이 불합리한 존재라고 주장한다. 인간들 스스로는 자신을 합리적인 존 재라고 여기고 있지만, 부족한 정보나 잘못된 편견, 판단 등으로 인해 부적절한 결정을 내리는 경우가 많다는 것이다. 예를 들어, 어느 백화점에서 당일 20만 원 이상 구매 고객에게 1만원 상당의 사은품 을 주는 행사를 실시하는 경우, 많은 사람들이 사은품을 받기 위해 필요하지도 않은 물건을 구매한다. 사은품을 받은 사람들은 자신이 합리적 선택을 했다고 흐뭇해한다. 하지만 약간의 시간이 지나 자신 이 구입한 필요 없는 물건을 보고는 이내 자신의 잘못된 선택에 후회를 하는 것이다. 저자들은 이러 한 인간의 불완전성에 근거하여 ‘넛지’의 필요성을 역설한다. 어떤 특정한 정책이나 방침이 보다 나은 결과를 가져올 것이라 예측될 경우 ‘넛지’를 이용해 선택의 자유를 존중하면서도 좀 더 현명한 선택을 하게끔 사람들을 이끌어야 한다는 것이다. 물론, 이러한 ‘넛지’에 반대하는 사람들도 존재한다. 선택의 자유를 옹호하는 사람들은 그 누구도 사 람들의 선택을 의도적으로 유도하거나 조종해서는 안 된다고 주장한다. 그들은 ‘넛지’의 필요성을 주 장하는 사람들이 매우 미끄러운 비탈길을 미끄러져 내려가기 시작했다고 우려한다. 즉, 자유주의적 개 입주의를 허용하고 받아들이면 이후에는 극도의 개입주의적 간섭이 뒤따를 것이 분명하다는 것이다. 그러나 ‘넛지’ 찬성론자들은 과도한 자유주의가 오히려 인간의 잘못된 선택을 방관하고, 그 결과 심각 한 위험을 초래할 수 있다는 점을 지적하며, 자유주의적 개입주의인 ‘넛지’의 필요성을 강조하고 있다.",윗글의 서술상 특징으로 가장 적절한 것은?,"['대상을 그 특성에 따라 분류하여 설명하고 있다.', '구체적 사례를 제시하여 독자의 이해를 돕고 있다.', '상반된 관점의 주장을 절충하여 대안을 제시하고 있다.', '기존 통념에 대한 비판을 통해 자신의 주장을 강조하고 있다.', '글의 쟁점을 통시적으로 고찰하며 하나의 입장을 옹호하고 있다.']",2,
kbs-korean54-69,"백제와 신라의 황산벌 전투(660년)를 현대적 시각에서 해석한 영화 <황산벌>에서 백제인은 전라도 사투리를, 신라인은 경상도 사투리를 각각 사용하고 있다. 영화 ‘황산벌’에는 백제 군영에 몰래 잠입 한 신라 첩자가 계백 장군의 말을 전하는 장면이 나온다. 첩자 : 백제 계백 장군이 “병사들에게 거시기하게 하고 머시기가 거시기할 때까지 거시기해 부러 라.”라고 했습니다. 김유신: 암호 해독관! 해석해 봐라. 암호 해독관 : 첫 번째 거시기는 경계를 철저히 하라는 의미로 쉽게 해석되지만, 나머지 머시기와 거시기는 죽어도 모르겠습니다. 많은 사람들이 ‘거시기’를 전라도 방언쯤으로 알고 있으나, ‘거시기’는 표준어이며 ‘머시기’가 ‘거시 기’의 전라도 방언이다. 거시기는 대명사와 감탄사로 쓰인다. 대명사 ‘거시기’는 말하는 도중에 사람이 나 사물의 이름이 얼른 생각나지 않거나 바로 말하기 곤란할 때, 그 이름 대신으로 내는 말이다. 감탄 사 거시기는 하려는 말이 얼른 생각나지 않거나 바로 말하기가 거북할 때 쓰는 군소리에 해당한다. 발화(發話)는 생각이 음성적으로 실현된 것을 말하며, 이러한 발화들이 모여서 이루어진 유기적인 통일체를 담화(談話)라고 한다. ‘거시기’와 ‘머시기’가 지칭하는 것을 파악하기 위해서는 발화만을 분 석해서는 곤란하며, 지칭 표현이 사용된 담화의 구조를 파악해야 한다. 이를 상황 의존적이라고 하며, 담화의 구조를 파악하는 데는 언어적 표현 못지않게 장면도 중요한 역할을 한다. 이처럼 발화는 말하 는 이, 듣는 이, 장면에 따라 의미가 결정된다. 담화의 구성 요소 네 가지를 말하는 이, 듣는 이, 내용 (발화), 장면이라고 하는 까닭이 여기에 있다. 장면은 언어 외적 장면과 언어 내적 장면으로 구분할 수 있다. 언어 외적 장면은 말하는 이와 듣는 이가 있는 시간과 공간이다. 그리고 언어 내적 장면은 한 발화의 앞뒤에 이어지는 발화의 연속체로서, 담화의 흐름이나 의미 해석에 결정적인 역할을 한다. 백제 계백 장군이 사용한 대명사 ‘거시기’는 말 하는 이와 듣는 이가 이미 알고 있는 어떤 것을 가리킨다. 신라군이 계백 장군의 말을 이해하지 못 하는 까닭은 ㉠ 이다. 쉽게 말해 앞뒤 발화 정보가 없기 때문이다. 언어 외적 장면과 언어 내적 장면 외에 담화 공동체의 가치, 역사적 경험, 관습과 같은 사회·문화 적 장면도 있다. 장면을 맥락이라고 표현하기도 하는데, 언어 외적 장면과 언어 내적 장면을 아울러서 상황 맥락이라고 한다. 사회·문화적 맥락은 문화권에 따라 다르기 때문에 외국인과 의사소통할 때는 특히 주의해야 한다. 이처럼 장면(맥락)은 담화에 구체적인 의미를 부여하는 중요한 역할을 한다.",윗글의 제목으로 가장 적절한 것은?,"['담화와 발화의 차이점', '‘거시기’와 ‘머시기’의 차이점', '‘거시기’의 용법과 활용 사례', '담화의 구조와 장면의 중요성', '‘거시기’를 통해 본 표준어와 방언']",4,
kbs-korean54-70,"백제와 신라의 황산벌 전투(660년)를 현대적 시각에서 해석한 영화 <황산벌>에서 백제인은 전라도 사투리를, 신라인은 경상도 사투리를 각각 사용하고 있다. 영화 ‘황산벌’에는 백제 군영에 몰래 잠입 한 신라 첩자가 계백 장군의 말을 전하는 장면이 나온다. 첩자 : 백제 계백 장군이 “병사들에게 거시기하게 하고 머시기가 거시기할 때까지 거시기해 부러 라.”라고 했습니다. 김유신: 암호 해독관! 해석해 봐라. 암호 해독관 : 첫 번째 거시기는 경계를 철저히 하라는 의미로 쉽게 해석되지만, 나머지 머시기와 거시기는 죽어도 모르겠습니다. 많은 사람들이 ‘거시기’를 전라도 방언쯤으로 알고 있으나, ‘거시기’는 표준어이며 ‘머시기’가 ‘거시 기’의 전라도 방언이다. 거시기는 대명사와 감탄사로 쓰인다. 대명사 ‘거시기’는 말하는 도중에 사람이 나 사물의 이름이 얼른 생각나지 않거나 바로 말하기 곤란할 때, 그 이름 대신으로 내는 말이다. 감탄 사 거시기는 하려는 말이 얼른 생각나지 않거나 바로 말하기가 거북할 때 쓰는 군소리에 해당한다. 발화(發話)는 생각이 음성적으로 실현된 것을 말하며, 이러한 발화들이 모여서 이루어진 유기적인 통일체를 담화(談話)라고 한다. ‘거시기’와 ‘머시기’가 지칭하는 것을 파악하기 위해서는 발화만을 분 석해서는 곤란하며, 지칭 표현이 사용된 담화의 구조를 파악해야 한다. 이를 상황 의존적이라고 하며, 담화의 구조를 파악하는 데는 언어적 표현 못지않게 장면도 중요한 역할을 한다. 이처럼 발화는 말하 는 이, 듣는 이, 장면에 따라 의미가 결정된다. 담화의 구성 요소 네 가지를 말하는 이, 듣는 이, 내용 (발화), 장면이라고 하는 까닭이 여기에 있다. 장면은 언어 외적 장면과 언어 내적 장면으로 구분할 수 있다. 언어 외적 장면은 말하는 이와 듣는 이가 있는 시간과 공간이다. 그리고 언어 내적 장면은 한 발화의 앞뒤에 이어지는 발화의 연속체로서, 담화의 흐름이나 의미 해석에 결정적인 역할을 한다. 백제 계백 장군이 사용한 대명사 ‘거시기’는 말 하는 이와 듣는 이가 이미 알고 있는 어떤 것을 가리킨다. 신라군이 계백 장군의 말을 이해하지 못 하는 까닭은 ㉠ 이다. 쉽게 말해 앞뒤 발화 정보가 없기 때문이다. 언어 외적 장면과 언어 내적 장면 외에 담화 공동체의 가치, 역사적 경험, 관습과 같은 사회·문화 적 장면도 있다. 장면을 맥락이라고 표현하기도 하는데, 언어 외적 장면과 언어 내적 장면을 아울러서 상황 맥락이라고 한다. 사회·문화적 맥락은 문화권에 따라 다르기 때문에 외국인과 의사소통할 때는 특히 주의해야 한다. 이처럼 장면(맥락)은 담화에 구체적인 의미를 부여하는 중요한 역할을 한다.",㉠에 들어갈 내용으로 가장 적절한 것은?,"['계백과 병사들이 주고받은 발화를 자의적으로 해석해서 전달했기 때문이다.', '거시기라는 지칭 표현이 사용되었던 언어 내적 장면을 알 수 없기 때문이다.', '계백 장군의 말을 엿들은 신라 첩자가 공간적 특성을 파악하지 못했기 때문이다.', '군대 발화는 암호를 사용하기 때문에 적군의 담화 구조를 파악하기 어렵기 때문이다.', '첩자의 말을 통해 상황을 파악하는 과정에서 계백 장군의 발화가 변형되었기 때문이다.']",2,
kbs-korean54-71,"백제와 신라의 황산벌 전투(660년)를 현대적 시각에서 해석한 영화 <황산벌>에서 백제인은 전라도 사투리를, 신라인은 경상도 사투리를 각각 사용하고 있다. 영화 ‘황산벌’에는 백제 군영에 몰래 잠입 한 신라 첩자가 계백 장군의 말을 전하는 장면이 나온다. 첩자 : 백제 계백 장군이 “병사들에게 거시기하게 하고 머시기가 거시기할 때까지 거시기해 부러 라.”라고 했습니다. 김유신: 암호 해독관! 해석해 봐라. 암호 해독관 : 첫 번째 거시기는 경계를 철저히 하라는 의미로 쉽게 해석되지만, 나머지 머시기와 거시기는 죽어도 모르겠습니다. 많은 사람들이 ‘거시기’를 전라도 방언쯤으로 알고 있으나, ‘거시기’는 표준어이며 ‘머시기’가 ‘거시 기’의 전라도 방언이다. 거시기는 대명사와 감탄사로 쓰인다. 대명사 ‘거시기’는 말하는 도중에 사람이 나 사물의 이름이 얼른 생각나지 않거나 바로 말하기 곤란할 때, 그 이름 대신으로 내는 말이다. 감탄 사 거시기는 하려는 말이 얼른 생각나지 않거나 바로 말하기가 거북할 때 쓰는 군소리에 해당한다. 발화(發話)는 생각이 음성적으로 실현된 것을 말하며, 이러한 발화들이 모여서 이루어진 유기적인 통일체를 담화(談話)라고 한다. ‘거시기’와 ‘머시기’가 지칭하는 것을 파악하기 위해서는 발화만을 분 석해서는 곤란하며, 지칭 표현이 사용된 담화의 구조를 파악해야 한다. 이를 상황 의존적이라고 하며, 담화의 구조를 파악하는 데는 언어적 표현 못지않게 장면도 중요한 역할을 한다. 이처럼 발화는 말하 는 이, 듣는 이, 장면에 따라 의미가 결정된다. 담화의 구성 요소 네 가지를 말하는 이, 듣는 이, 내용 (발화), 장면이라고 하는 까닭이 여기에 있다. 장면은 언어 외적 장면과 언어 내적 장면으로 구분할 수 있다. 언어 외적 장면은 말하는 이와 듣는 이가 있는 시간과 공간이다. 그리고 언어 내적 장면은 한 발화의 앞뒤에 이어지는 발화의 연속체로서, 담화의 흐름이나 의미 해석에 결정적인 역할을 한다. 백제 계백 장군이 사용한 대명사 ‘거시기’는 말 하는 이와 듣는 이가 이미 알고 있는 어떤 것을 가리킨다. 신라군이 계백 장군의 말을 이해하지 못 하는 까닭은 ㉠ 이다. 쉽게 말해 앞뒤 발화 정보가 없기 때문이다. 언어 외적 장면과 언어 내적 장면 외에 담화 공동체의 가치, 역사적 경험, 관습과 같은 사회·문화 적 장면도 있다. 장면을 맥락이라고 표현하기도 하는데, 언어 외적 장면과 언어 내적 장면을 아울러서 상황 맥락이라고 한다. 사회·문화적 맥락은 문화권에 따라 다르기 때문에 외국인과 의사소통할 때는 특히 주의해야 한다. 이처럼 장면(맥락)은 담화에 구체적인 의미를 부여하는 중요한 역할을 한다.",‘거시기’의 용법이 나머지와 다른 하나는?,"['저기 안방에 거시기 좀 있어요?', '이렇게 바쁠 때에 저 거시기는 어디 가고 없지?', '저, 거시기, 죄송합니다만, 제 부탁 좀 들어주시겠습니까?', '저 혼자서 한 게 아니고요, 거시기하고 같이 한 일입니다만', '자네도 기억하지? 우리 동창, 거시기 말이야, 늘 웃던 친구.']",3,
kbs-korean54-72,"백제와 신라의 황산벌 전투(660년)를 현대적 시각에서 해석한 영화 <황산벌>에서 백제인은 전라도 사투리를, 신라인은 경상도 사투리를 각각 사용하고 있다. 영화 ‘황산벌’에는 백제 군영에 몰래 잠입 한 신라 첩자가 계백 장군의 말을 전하는 장면이 나온다. 첩자 : 백제 계백 장군이 “병사들에게 거시기하게 하고 머시기가 거시기할 때까지 거시기해 부러 라.”라고 했습니다. 김유신: 암호 해독관! 해석해 봐라. 암호 해독관 : 첫 번째 거시기는 경계를 철저히 하라는 의미로 쉽게 해석되지만, 나머지 머시기와 거시기는 죽어도 모르겠습니다. 많은 사람들이 ‘거시기’를 전라도 방언쯤으로 알고 있으나, ‘거시기’는 표준어이며 ‘머시기’가 ‘거시 기’의 전라도 방언이다. 거시기는 대명사와 감탄사로 쓰인다. 대명사 ‘거시기’는 말하는 도중에 사람이 나 사물의 이름이 얼른 생각나지 않거나 바로 말하기 곤란할 때, 그 이름 대신으로 내는 말이다. 감탄 사 거시기는 하려는 말이 얼른 생각나지 않거나 바로 말하기가 거북할 때 쓰는 군소리에 해당한다. 발화(發話)는 생각이 음성적으로 실현된 것을 말하며, 이러한 발화들이 모여서 이루어진 유기적인 통일체를 담화(談話)라고 한다. ‘거시기’와 ‘머시기’가 지칭하는 것을 파악하기 위해서는 발화만을 분 석해서는 곤란하며, 지칭 표현이 사용된 담화의 구조를 파악해야 한다. 이를 상황 의존적이라고 하며, 담화의 구조를 파악하는 데는 언어적 표현 못지않게 장면도 중요한 역할을 한다. 이처럼 발화는 말하 는 이, 듣는 이, 장면에 따라 의미가 결정된다. 담화의 구성 요소 네 가지를 말하는 이, 듣는 이, 내용 (발화), 장면이라고 하는 까닭이 여기에 있다. 장면은 언어 외적 장면과 언어 내적 장면으로 구분할 수 있다. 언어 외적 장면은 말하는 이와 듣는 이가 있는 시간과 공간이다. 그리고 언어 내적 장면은 한 발화의 앞뒤에 이어지는 발화의 연속체로서, 담화의 흐름이나 의미 해석에 결정적인 역할을 한다. 백제 계백 장군이 사용한 대명사 ‘거시기’는 말 하는 이와 듣는 이가 이미 알고 있는 어떤 것을 가리킨다. 신라군이 계백 장군의 말을 이해하지 못 하는 까닭은 ㉠ 이다. 쉽게 말해 앞뒤 발화 정보가 없기 때문이다. 언어 외적 장면과 언어 내적 장면 외에 담화 공동체의 가치, 역사적 경험, 관습과 같은 사회·문화 적 장면도 있다. 장면을 맥락이라고 표현하기도 하는데, 언어 외적 장면과 언어 내적 장면을 아울러서 상황 맥락이라고 한다. 사회·문화적 맥락은 문화권에 따라 다르기 때문에 외국인과 의사소통할 때는 특히 주의해야 한다. 이처럼 장면(맥락)은 담화에 구체적인 의미를 부여하는 중요한 역할을 한다.",윗글을 토대로 <보기>를 해석한 것으로 적절하지 않은 것은?,"['버스 안의 남자는 담화의 의미를 정확히 파악하고 있다.', '지하철 안의 남자는 담화의 의미를 제대로 파악하지 못하고 있다.', '지하철 안의 남자는 사회·문화적 맥락을 파악하는 데 노력해야 한다.', '지하철 안의 남자는 여자의 발화를 ‘곧 자리가 난다’는 것으로 해석하였다.', '양쪽 모두 여자의 발화는 ‘호감이 있으니 같이 내렸으면 좋겠다’는 의미를 담고 있다.']",3,"버스 안에서 여자: 저 이번에 내려요. (여자와 함께 내린 후) 남자: 전, 두 정거장이나 지났어요. 여자: (기뻐하며 웃음)
지하철 안에서 여자: 저 이번에 내려요. 남자: 그래요? (근처 여자 친구에게) 야, 여기에 자리 났다. 여자: (실망한 표정)"
kbs-korean54-73,"인간처럼 유성생식을 하는 생물들은 모두 난자와 정자가 결합하는 수정이라는 과정을 거쳐 태어 난다. 암컷과 수컷이 각각 자기 유전자의 절반을 넣어 만든 난자와 정자가 만나 하나의 수정란이 되 어야 그로부터 새로운 생명체가 탄생하는 것이다. 우리가 흔히 유전자라고 부르는 것들은 대개 한데 뭉뚱그려 세포의 핵 속에 들어 있는 DNA를 의미한다. 그러나 세포 안에는 핵뿐 아니라 많은 세포소 기관들이 들어 있다. 그 중의 하나로 세포가 사용하는 에너지를 만들어 내는 미토콘드리아라는 소기 관이 있다. 그런데 신기하게도 이 미토콘드리아 안에는 핵의 DNA와 다른 그들만의 고유한 DNA가 들어 있다. 이는 그 옛날 세포가 진화하던 초창기에 미토콘드리아가 독립적으로 생활하던 박테리아 였다는 결정적인 증거인 셈이다. 이른바 ‘공생설’이라고 부르는 진화생물학 이론은 서로 다른 박테리 아들이 공생과정을 통해 오늘날의 세포를 형성하게 되었다고 설명한다. 따라서 핵이 융합하는 과정에서는 당연히 암수의 유전자가 공평하게 절반씩 결합하지만 핵을 제 외한 세포질은 암컷이 홀로 제공하는 것이기 때문에 미토콘드리아의 DNA는 온전히 암컷으로부터 오게 된다. 바로 이런 이유 때문에 생물의 계통을 밝히는 연구에서는 미토콘드리아의 DNA를 비교 분석하게 된다. 즉 철저하게 암컷의 계보를 거슬러 올라가는 것이다. 전통적으로 ㉠ 남자만 이름을 올릴 수 있는 우리 족보와는 달리 생물학적인 족보는 암컷 즉 여성의 혈통만을 기록한다. 수정과 발생의 과정에서 남성이 주도권을 쥐어야 한다는 강박관념 때문에 만들어진 억지스러운 일들이 인간 사회에는 심심찮게 존재한다. 17∼18세기 유럽의 생물학자들도 예외가 아니었다. DNA 의 존재를 모르던 시절이긴 하지만 당시 생물학자들은 정자 안에 이미 작은 인간이 들어앉아 있다고 주장했다. ‘씨’는 이미 남성에 의해 결정되어 있고 이름하여 ‘씨받이’로 간주된 여성은 그저 영양분을 제공하여 씨를 싹 틔우는 밭에 불과하다고 설명하려 했다. 정자 속에 이미 작은 사람이 들어 있다는 이론을 받아들이면 실로 어처구니없는 모순에 빠질 수밖에 없었다. 마치 러시아의 전통 인형처럼 그 작은 사람의 정자 속에는 더 작은 사람이 웅크리고 있어야 하고, 또 그 사람의 정자 속에는 더 작은 사람이 있어야 하고, 그 사람의 정자 속에 또 더 작은 사람이 들어 있어야 하는 식의 ㉡ 무한대의 모 순을 범할 수밖에 없는 것이다. 그릇된 이념은 결국 과학의 객관성 앞에 무너지게 되어 있다. 수정 과정에서 암수의 역할은 다분히 비대칭적이다. 정자는 수컷의 유전물질을 난자에 전달하고 나면 그 소임을 다하지만 난자는 암컷의 유전물질은 물론 생명체의 초기 발생에 필요한 온갖 영양분 을 다 갖추고 있어야 한다. 핵 DNA는 정확하게 반씩 투자하지만 미토콘드리아 등 다른 세포소기관 의 DNA는 암컷만이 홀로 제공하므로 유전물질만 비교해도 암컷의 기여도가 더 크다고 봐야 한다. 많은 경우 유전물질이 일단 배달된 다음에 벌어지는 일에 대해서는 전혀 아는 바도 없는 수컷이 훗 날 뒤늦게 정통성을 주장하는 것은 생물학적으로 어불성설이다.",윗글을 통해 알 수 없는 것은?,"['미토콘드리아의 기원은 박테리아였다.', '핵 속에 있는 DNA는 모계와 부계로부터 온 것이다.', '미토콘드리아의 주된 기능은 모계 혈통을 유지하는 것이다.', '핵뿐만 아니라 세포소기관 중에서도 DNA를 포함하고 있는 경우가 있다.', '정자 안에 작은 인간이 내재해 있다는 가설은 무한대의 모순을 범하고 있는 것이다.']",3,
kbs-korean54-74,"인간처럼 유성생식을 하는 생물들은 모두 난자와 정자가 결합하는 수정이라는 과정을 거쳐 태어 난다. 암컷과 수컷이 각각 자기 유전자의 절반을 넣어 만든 난자와 정자가 만나 하나의 수정란이 되 어야 그로부터 새로운 생명체가 탄생하는 것이다. 우리가 흔히 유전자라고 부르는 것들은 대개 한데 뭉뚱그려 세포의 핵 속에 들어 있는 DNA를 의미한다. 그러나 세포 안에는 핵뿐 아니라 많은 세포소 기관들이 들어 있다. 그 중의 하나로 세포가 사용하는 에너지를 만들어 내는 미토콘드리아라는 소기 관이 있다. 그런데 신기하게도 이 미토콘드리아 안에는 핵의 DNA와 다른 그들만의 고유한 DNA가 들어 있다. 이는 그 옛날 세포가 진화하던 초창기에 미토콘드리아가 독립적으로 생활하던 박테리아 였다는 결정적인 증거인 셈이다. 이른바 ‘공생설’이라고 부르는 진화생물학 이론은 서로 다른 박테리 아들이 공생과정을 통해 오늘날의 세포를 형성하게 되었다고 설명한다. 따라서 핵이 융합하는 과정에서는 당연히 암수의 유전자가 공평하게 절반씩 결합하지만 핵을 제 외한 세포질은 암컷이 홀로 제공하는 것이기 때문에 미토콘드리아의 DNA는 온전히 암컷으로부터 오게 된다. 바로 이런 이유 때문에 생물의 계통을 밝히는 연구에서는 미토콘드리아의 DNA를 비교 분석하게 된다. 즉 철저하게 암컷의 계보를 거슬러 올라가는 것이다. 전통적으로 ㉠ 남자만 이름을 올릴 수 있는 우리 족보와는 달리 생물학적인 족보는 암컷 즉 여성의 혈통만을 기록한다. 수정과 발생의 과정에서 남성이 주도권을 쥐어야 한다는 강박관념 때문에 만들어진 억지스러운 일들이 인간 사회에는 심심찮게 존재한다. 17∼18세기 유럽의 생물학자들도 예외가 아니었다. DNA 의 존재를 모르던 시절이긴 하지만 당시 생물학자들은 정자 안에 이미 작은 인간이 들어앉아 있다고 주장했다. ‘씨’는 이미 남성에 의해 결정되어 있고 이름하여 ‘씨받이’로 간주된 여성은 그저 영양분을 제공하여 씨를 싹 틔우는 밭에 불과하다고 설명하려 했다. 정자 속에 이미 작은 사람이 들어 있다는 이론을 받아들이면 실로 어처구니없는 모순에 빠질 수밖에 없었다. 마치 러시아의 전통 인형처럼 그 작은 사람의 정자 속에는 더 작은 사람이 웅크리고 있어야 하고, 또 그 사람의 정자 속에는 더 작은 사람이 있어야 하고, 그 사람의 정자 속에 또 더 작은 사람이 들어 있어야 하는 식의 ㉡ 무한대의 모 순을 범할 수밖에 없는 것이다. 그릇된 이념은 결국 과학의 객관성 앞에 무너지게 되어 있다. 수정 과정에서 암수의 역할은 다분히 비대칭적이다. 정자는 수컷의 유전물질을 난자에 전달하고 나면 그 소임을 다하지만 난자는 암컷의 유전물질은 물론 생명체의 초기 발생에 필요한 온갖 영양분 을 다 갖추고 있어야 한다. 핵 DNA는 정확하게 반씩 투자하지만 미토콘드리아 등 다른 세포소기관 의 DNA는 암컷만이 홀로 제공하므로 유전물질만 비교해도 암컷의 기여도가 더 크다고 봐야 한다. 많은 경우 유전물질이 일단 배달된 다음에 벌어지는 일에 대해서는 전혀 아는 바도 없는 수컷이 훗 날 뒤늦게 정통성을 주장하는 것은 생물학적으로 어불성설이다.",윗글의 서술 방식으로 가장 적절한 것은?,"['설명하고 있는 개념을 유사한 다른 상황에 적용하고 있다.', '과학 개념에 대해 스스로 묻고 답하는 형식을 취하고 있다.', '과학 개념을 구성하는 전체를 부분으로 나누어 비판하고 있다.', '역사적인 실험 결과를 구체적으로 재현하면서 결과를 논의하고 있다.', '오해하기 쉬운 과학적 개념을 설명하고 이를 토대로 현상을 비판하고 있다.']",5,
kbs-korean54-75,"인간처럼 유성생식을 하는 생물들은 모두 난자와 정자가 결합하는 수정이라는 과정을 거쳐 태어 난다. 암컷과 수컷이 각각 자기 유전자의 절반을 넣어 만든 난자와 정자가 만나 하나의 수정란이 되 어야 그로부터 새로운 생명체가 탄생하는 것이다. 우리가 흔히 유전자라고 부르는 것들은 대개 한데 뭉뚱그려 세포의 핵 속에 들어 있는 DNA를 의미한다. 그러나 세포 안에는 핵뿐 아니라 많은 세포소 기관들이 들어 있다. 그 중의 하나로 세포가 사용하는 에너지를 만들어 내는 미토콘드리아라는 소기 관이 있다. 그런데 신기하게도 이 미토콘드리아 안에는 핵의 DNA와 다른 그들만의 고유한 DNA가 들어 있다. 이는 그 옛날 세포가 진화하던 초창기에 미토콘드리아가 독립적으로 생활하던 박테리아 였다는 결정적인 증거인 셈이다. 이른바 ‘공생설’이라고 부르는 진화생물학 이론은 서로 다른 박테리 아들이 공생과정을 통해 오늘날의 세포를 형성하게 되었다고 설명한다. 따라서 핵이 융합하는 과정에서는 당연히 암수의 유전자가 공평하게 절반씩 결합하지만 핵을 제 외한 세포질은 암컷이 홀로 제공하는 것이기 때문에 미토콘드리아의 DNA는 온전히 암컷으로부터 오게 된다. 바로 이런 이유 때문에 생물의 계통을 밝히는 연구에서는 미토콘드리아의 DNA를 비교 분석하게 된다. 즉 철저하게 암컷의 계보를 거슬러 올라가는 것이다. 전통적으로 ㉠ 남자만 이름을 올릴 수 있는 우리 족보와는 달리 생물학적인 족보는 암컷 즉 여성의 혈통만을 기록한다. 수정과 발생의 과정에서 남성이 주도권을 쥐어야 한다는 강박관념 때문에 만들어진 억지스러운 일들이 인간 사회에는 심심찮게 존재한다. 17∼18세기 유럽의 생물학자들도 예외가 아니었다. DNA 의 존재를 모르던 시절이긴 하지만 당시 생물학자들은 정자 안에 이미 작은 인간이 들어앉아 있다고 주장했다. ‘씨’는 이미 남성에 의해 결정되어 있고 이름하여 ‘씨받이’로 간주된 여성은 그저 영양분을 제공하여 씨를 싹 틔우는 밭에 불과하다고 설명하려 했다. 정자 속에 이미 작은 사람이 들어 있다는 이론을 받아들이면 실로 어처구니없는 모순에 빠질 수밖에 없었다. 마치 러시아의 전통 인형처럼 그 작은 사람의 정자 속에는 더 작은 사람이 웅크리고 있어야 하고, 또 그 사람의 정자 속에는 더 작은 사람이 있어야 하고, 그 사람의 정자 속에 또 더 작은 사람이 들어 있어야 하는 식의 ㉡ 무한대의 모 순을 범할 수밖에 없는 것이다. 그릇된 이념은 결국 과학의 객관성 앞에 무너지게 되어 있다. 수정 과정에서 암수의 역할은 다분히 비대칭적이다. 정자는 수컷의 유전물질을 난자에 전달하고 나면 그 소임을 다하지만 난자는 암컷의 유전물질은 물론 생명체의 초기 발생에 필요한 온갖 영양분 을 다 갖추고 있어야 한다. 핵 DNA는 정확하게 반씩 투자하지만 미토콘드리아 등 다른 세포소기관 의 DNA는 암컷만이 홀로 제공하므로 유전물질만 비교해도 암컷의 기여도가 더 크다고 봐야 한다. 많은 경우 유전물질이 일단 배달된 다음에 벌어지는 일에 대해서는 전혀 아는 바도 없는 수컷이 훗 날 뒤늦게 정통성을 주장하는 것은 생물학적으로 어불성설이다.",㉠을 논거로 활용하여 할 수 있는 적합한 주장은?,"['남성 위주의 호주제는 생물학적 근거가 미약하다.', '미토콘드리아 DNA를 중심으로 혈통을 따져야 한다.', '생물학적인 불평등을 인간 사회로 연장시켜서는 안 된다.', '인간의 족보와 생물학적인 족보의 차이점을 더 연구해야 한다.', '핵과 미토콘드리아의 DNA가 모두 일치하는 경우에만 혈통을 따질 수 있다.']",1,
kbs-korean54-76,"인간처럼 유성생식을 하는 생물들은 모두 난자와 정자가 결합하는 수정이라는 과정을 거쳐 태어 난다. 암컷과 수컷이 각각 자기 유전자의 절반을 넣어 만든 난자와 정자가 만나 하나의 수정란이 되 어야 그로부터 새로운 생명체가 탄생하는 것이다. 우리가 흔히 유전자라고 부르는 것들은 대개 한데 뭉뚱그려 세포의 핵 속에 들어 있는 DNA를 의미한다. 그러나 세포 안에는 핵뿐 아니라 많은 세포소 기관들이 들어 있다. 그 중의 하나로 세포가 사용하는 에너지를 만들어 내는 미토콘드리아라는 소기 관이 있다. 그런데 신기하게도 이 미토콘드리아 안에는 핵의 DNA와 다른 그들만의 고유한 DNA가 들어 있다. 이는 그 옛날 세포가 진화하던 초창기에 미토콘드리아가 독립적으로 생활하던 박테리아 였다는 결정적인 증거인 셈이다. 이른바 ‘공생설’이라고 부르는 진화생물학 이론은 서로 다른 박테리 아들이 공생과정을 통해 오늘날의 세포를 형성하게 되었다고 설명한다. 따라서 핵이 융합하는 과정에서는 당연히 암수의 유전자가 공평하게 절반씩 결합하지만 핵을 제 외한 세포질은 암컷이 홀로 제공하는 것이기 때문에 미토콘드리아의 DNA는 온전히 암컷으로부터 오게 된다. 바로 이런 이유 때문에 생물의 계통을 밝히는 연구에서는 미토콘드리아의 DNA를 비교 분석하게 된다. 즉 철저하게 암컷의 계보를 거슬러 올라가는 것이다. 전통적으로 ㉠ 남자만 이름을 올릴 수 있는 우리 족보와는 달리 생물학적인 족보는 암컷 즉 여성의 혈통만을 기록한다. 수정과 발생의 과정에서 남성이 주도권을 쥐어야 한다는 강박관념 때문에 만들어진 억지스러운 일들이 인간 사회에는 심심찮게 존재한다. 17∼18세기 유럽의 생물학자들도 예외가 아니었다. DNA 의 존재를 모르던 시절이긴 하지만 당시 생물학자들은 정자 안에 이미 작은 인간이 들어앉아 있다고 주장했다. ‘씨’는 이미 남성에 의해 결정되어 있고 이름하여 ‘씨받이’로 간주된 여성은 그저 영양분을 제공하여 씨를 싹 틔우는 밭에 불과하다고 설명하려 했다. 정자 속에 이미 작은 사람이 들어 있다는 이론을 받아들이면 실로 어처구니없는 모순에 빠질 수밖에 없었다. 마치 러시아의 전통 인형처럼 그 작은 사람의 정자 속에는 더 작은 사람이 웅크리고 있어야 하고, 또 그 사람의 정자 속에는 더 작은 사람이 있어야 하고, 그 사람의 정자 속에 또 더 작은 사람이 들어 있어야 하는 식의 ㉡ 무한대의 모 순을 범할 수밖에 없는 것이다. 그릇된 이념은 결국 과학의 객관성 앞에 무너지게 되어 있다. 수정 과정에서 암수의 역할은 다분히 비대칭적이다. 정자는 수컷의 유전물질을 난자에 전달하고 나면 그 소임을 다하지만 난자는 암컷의 유전물질은 물론 생명체의 초기 발생에 필요한 온갖 영양분 을 다 갖추고 있어야 한다. 핵 DNA는 정확하게 반씩 투자하지만 미토콘드리아 등 다른 세포소기관 의 DNA는 암컷만이 홀로 제공하므로 유전물질만 비교해도 암컷의 기여도가 더 크다고 봐야 한다. 많은 경우 유전물질이 일단 배달된 다음에 벌어지는 일에 대해서는 전혀 아는 바도 없는 수컷이 훗 날 뒤늦게 정통성을 주장하는 것은 생물학적으로 어불성설이다.","㉡을 설명하고자 할 때, 들 수 있는 사례로 가장 적절한 것은?","['잠을 자야 꿈을 꾸고 꿈을 꿔야 님을 볼 수 있다.', '맛있는 것은 바나나이고 바나나는 길다. 길면 기차이고 기차는 빠르다.', '그들이 가난한 이유는 돈이 없기 때문이다. 그들이 돈이 없는 까닭은 가난하기 때문이다.', '산을 그리고 있는 화가를 그린 그림 속에는 다시 산을 배경으로 그림을 그리고 있는 화가의 그림 이 있어야 한다.', '천하를 다스리고자 하는 자는 먼저 그 나라를 다스려야 하고, 그 나라를 다스리고자 하는 자는 먼저 그 집을 가지런히 하여야 한다.']",4,
kbs-korean54-88,"예술과 경제는 서로 다른 힘에 의해 움직이는 전혀 다른 세계일까? 그렇지 않다. 예술과 경제를 움 직이는 공통된 힘이 존재한다. 이 두 분야를 움직이는 힘이 같다면 각 분야가 작동하는 원리와 문제 를 해결하는 방법도 비슷할 것이다. 뛰어난 예술가들이 걸어 온 길을 살펴 우리의 경제와 기업 경영 에 활용해야 하는 이유가 바로 여기에 있다. 훌륭한 예술가는 이전의 상식을 허물고 새롭게 정의하는 재정의력을 활용해 독창적인 작품을 내놓는다. “미술의 역사는 미술에 대한 재정의의 역사다.”라고 할 만큼 예술의 대가들은 나름대로 미술을 재정의하며 창작해 왔다. 관습적 결합과 익숙한 인과관계를 해체하고 새롭게 합성하는 창조적 융합을 통해 재정의력을 보여준 화가가 바로 초현실주의 화가 르네 마그리트다. 그의 <공동 발명>이란 작품 을 보자. 우리가 그동안 익숙하게 알고 있던 상식적인 인어와는 반대로 상반신이 어류이고 하반신이 사람이다. 이 그림을 통해 마그리트는 ‘거꾸로 뒤바꾸기’를 활용한 새로운 융합을 통해 인어를 재정의 했다. 너무나 익숙한 현실을 거꾸로 뒤집어 지극히 사실적으로 표현하는 것이 초현실주의 화가 마그 리트가 재정의한 미술이었다. 금융에서도 신상품을 개발하는데 ‘거꾸로 뒤바꾸기’를 통한 재정의력이 활용된 사례가 있다. 대표적 상품이 바로 역모기지대출이다. 역모기지대출이란 고령자가 자신의 집을 담보로 노후 생활 자금을 연 금 형태로 지급받고, 그 고령자가 사망한 후 은행이 주택을 처분하여 고령자에게 지급한 원금을 상환 받는 상품이다. 이 상품이 출시되기 전 상식적인 모기지는 먼저 은행으로부터 주택 매입 자금을 빌려 주택을 구입하고 빌린 돈은 추후 장기간에 걸쳐서 갚아 나갔던 것이다. 일본 에도 시대 판화가인 우타가와 쿠니요시는 구부리고 있는 신체 모양을 활용해 얼굴을 그렸다. 1847년에 완성한 작품 <얼핏 보면 무섭지만 실은 좋은 사람이다>를 보자. 다양한 자세를 취하고 있 는 여러 사람들을 합성하고 융합하여 인물의 얼굴을 표현했다. 이 작품을 통해 쿠니요시가 재정의한 그림은 바로 ㉠ 이다. 몸 전체보다는 얼굴이 작은 것이 당연하니 말이다. 그래서 이 작 품은 배보다 배꼽이 더 큰 그림이다. 우리가 사용하는 물건 중에도 ㉡ 배보다 배꼽이 더 큰 제품들이 있다. 남자들이 보통 사용하는 면도기가 그렇다. 처음 제품을 살 때는 본체와 면도날이 함께 묶여 있는 상품을 구입한다. 본체는 아주 오 래 사용할 수 있으나 본체에 탈부착하는 면도날은 일정 기간 사용하면 무뎌지게 되어 교환해야 한다. 그런데 이 면도날 값이 비싸다. 게다가 본체와 면도날 간의 호환성이 적어 전에 구입했던 상품의 면도날을 살 수 밖에 없다. 이렇듯 예술과 경제는 관습과 상식에서 벗어난 창조적 융합을 통해 기존의 것들을 새롭게 정의한다 는 공통점이 있다. 이런 새로운 시도들이 침체되고 정체된 기존의 예술계와 경제계에 새로운 에너지 를 불어 넣음으로써 두 분야가 지속적으로 성장해 왔던 것이며, 앞으로도 그러할 것이다.","윗글을 신문에 기고하고자 할 때, 제목으로 가장 적절한 것은?","['예술과 경제의 공통된 힘, 재정의력!', '침체된 예술계의 문제 해결법, 경제에서 찾다!', '미술과 경제를 이끌어 온 동력, 독창성과 호환성!', '상품 속에 생명력을 불어넣는 예술가의 아이디어!', '예술가의 눈으로 경제를 바라보다, 경제 속에 숨은 예술!']",1,
kbs-korean54-89,"예술과 경제는 서로 다른 힘에 의해 움직이는 전혀 다른 세계일까? 그렇지 않다. 예술과 경제를 움 직이는 공통된 힘이 존재한다. 이 두 분야를 움직이는 힘이 같다면 각 분야가 작동하는 원리와 문제 를 해결하는 방법도 비슷할 것이다. 뛰어난 예술가들이 걸어 온 길을 살펴 우리의 경제와 기업 경영 에 활용해야 하는 이유가 바로 여기에 있다. 훌륭한 예술가는 이전의 상식을 허물고 새롭게 정의하는 재정의력을 활용해 독창적인 작품을 내놓는다. “미술의 역사는 미술에 대한 재정의의 역사다.”라고 할 만큼 예술의 대가들은 나름대로 미술을 재정의하며 창작해 왔다. 관습적 결합과 익숙한 인과관계를 해체하고 새롭게 합성하는 창조적 융합을 통해 재정의력을 보여준 화가가 바로 초현실주의 화가 르네 마그리트다. 그의 <공동 발명>이란 작품 을 보자. 우리가 그동안 익숙하게 알고 있던 상식적인 인어와는 반대로 상반신이 어류이고 하반신이 사람이다. 이 그림을 통해 마그리트는 ‘거꾸로 뒤바꾸기’를 활용한 새로운 융합을 통해 인어를 재정의 했다. 너무나 익숙한 현실을 거꾸로 뒤집어 지극히 사실적으로 표현하는 것이 초현실주의 화가 마그 리트가 재정의한 미술이었다. 금융에서도 신상품을 개발하는데 ‘거꾸로 뒤바꾸기’를 통한 재정의력이 활용된 사례가 있다. 대표적 상품이 바로 역모기지대출이다. 역모기지대출이란 고령자가 자신의 집을 담보로 노후 생활 자금을 연 금 형태로 지급받고, 그 고령자가 사망한 후 은행이 주택을 처분하여 고령자에게 지급한 원금을 상환 받는 상품이다. 이 상품이 출시되기 전 상식적인 모기지는 먼저 은행으로부터 주택 매입 자금을 빌려 주택을 구입하고 빌린 돈은 추후 장기간에 걸쳐서 갚아 나갔던 것이다. 일본 에도 시대 판화가인 우타가와 쿠니요시는 구부리고 있는 신체 모양을 활용해 얼굴을 그렸다. 1847년에 완성한 작품 <얼핏 보면 무섭지만 실은 좋은 사람이다>를 보자. 다양한 자세를 취하고 있 는 여러 사람들을 합성하고 융합하여 인물의 얼굴을 표현했다. 이 작품을 통해 쿠니요시가 재정의한 그림은 바로 ㉠ 이다. 몸 전체보다는 얼굴이 작은 것이 당연하니 말이다. 그래서 이 작 품은 배보다 배꼽이 더 큰 그림이다. 우리가 사용하는 물건 중에도 ㉡ 배보다 배꼽이 더 큰 제품들이 있다. 남자들이 보통 사용하는 면도기가 그렇다. 처음 제품을 살 때는 본체와 면도날이 함께 묶여 있는 상품을 구입한다. 본체는 아주 오 래 사용할 수 있으나 본체에 탈부착하는 면도날은 일정 기간 사용하면 무뎌지게 되어 교환해야 한다. 그런데 이 면도날 값이 비싸다. 게다가 본체와 면도날 간의 호환성이 적어 전에 구입했던 상품의 면도날을 살 수 밖에 없다. 이렇듯 예술과 경제는 관습과 상식에서 벗어난 창조적 융합을 통해 기존의 것들을 새롭게 정의한다 는 공통점이 있다. 이런 새로운 시도들이 침체되고 정체된 기존의 예술계와 경제계에 새로운 에너지 를 불어 넣음으로써 두 분야가 지속적으로 성장해 왔던 것이며, 앞으로도 그러할 것이다.","문맥을 고려할 때, ㉠ 에 들어갈 말로 가장 적절한 것은?","['큰 것을 통해 작은 것을 표현하는 수단', '다양성과 통일성을 동시에 그려내는 수단', '현실을 기반으로 초현실을 추구하는 수단', '사실성을 바탕으로 현실을 비판하는 수단', '창조적 융합을 통해 상상력을 표현하는 수단']",1,
kbs-korean54-90,"예술과 경제는 서로 다른 힘에 의해 움직이는 전혀 다른 세계일까? 그렇지 않다. 예술과 경제를 움 직이는 공통된 힘이 존재한다. 이 두 분야를 움직이는 힘이 같다면 각 분야가 작동하는 원리와 문제 를 해결하는 방법도 비슷할 것이다. 뛰어난 예술가들이 걸어 온 길을 살펴 우리의 경제와 기업 경영 에 활용해야 하는 이유가 바로 여기에 있다. 훌륭한 예술가는 이전의 상식을 허물고 새롭게 정의하는 재정의력을 활용해 독창적인 작품을 내놓는다. “미술의 역사는 미술에 대한 재정의의 역사다.”라고 할 만큼 예술의 대가들은 나름대로 미술을 재정의하며 창작해 왔다. 관습적 결합과 익숙한 인과관계를 해체하고 새롭게 합성하는 창조적 융합을 통해 재정의력을 보여준 화가가 바로 초현실주의 화가 르네 마그리트다. 그의 <공동 발명>이란 작품 을 보자. 우리가 그동안 익숙하게 알고 있던 상식적인 인어와는 반대로 상반신이 어류이고 하반신이 사람이다. 이 그림을 통해 마그리트는 ‘거꾸로 뒤바꾸기’를 활용한 새로운 융합을 통해 인어를 재정의 했다. 너무나 익숙한 현실을 거꾸로 뒤집어 지극히 사실적으로 표현하는 것이 초현실주의 화가 마그 리트가 재정의한 미술이었다. 금융에서도 신상품을 개발하는데 ‘거꾸로 뒤바꾸기’를 통한 재정의력이 활용된 사례가 있다. 대표적 상품이 바로 역모기지대출이다. 역모기지대출이란 고령자가 자신의 집을 담보로 노후 생활 자금을 연 금 형태로 지급받고, 그 고령자가 사망한 후 은행이 주택을 처분하여 고령자에게 지급한 원금을 상환 받는 상품이다. 이 상품이 출시되기 전 상식적인 모기지는 먼저 은행으로부터 주택 매입 자금을 빌려 주택을 구입하고 빌린 돈은 추후 장기간에 걸쳐서 갚아 나갔던 것이다. 일본 에도 시대 판화가인 우타가와 쿠니요시는 구부리고 있는 신체 모양을 활용해 얼굴을 그렸다. 1847년에 완성한 작품 <얼핏 보면 무섭지만 실은 좋은 사람이다>를 보자. 다양한 자세를 취하고 있 는 여러 사람들을 합성하고 융합하여 인물의 얼굴을 표현했다. 이 작품을 통해 쿠니요시가 재정의한 그림은 바로 ㉠ 이다. 몸 전체보다는 얼굴이 작은 것이 당연하니 말이다. 그래서 이 작 품은 배보다 배꼽이 더 큰 그림이다. 우리가 사용하는 물건 중에도 ㉡ 배보다 배꼽이 더 큰 제품들이 있다. 남자들이 보통 사용하는 면도기가 그렇다. 처음 제품을 살 때는 본체와 면도날이 함께 묶여 있는 상품을 구입한다. 본체는 아주 오 래 사용할 수 있으나 본체에 탈부착하는 면도날은 일정 기간 사용하면 무뎌지게 되어 교환해야 한다. 그런데 이 면도날 값이 비싸다. 게다가 본체와 면도날 간의 호환성이 적어 전에 구입했던 상품의 면도날을 살 수 밖에 없다. 이렇듯 예술과 경제는 관습과 상식에서 벗어난 창조적 융합을 통해 기존의 것들을 새롭게 정의한다 는 공통점이 있다. 이런 새로운 시도들이 침체되고 정체된 기존의 예술계와 경제계에 새로운 에너지 를 불어 넣음으로써 두 분야가 지속적으로 성장해 왔던 것이며, 앞으로도 그러할 것이다.",㉡에 해당하는 사례로 적절하지 않은 것은?,"['프린터보다 토너가 더 비쌀 때', '제품 가격보다 배송비가 더 비쌀 때', '상품의 구입 가격보다 유지 비용이 더 클 때', '회사 주변 식당보다 구내식당의 음식 값이 더 비쌀 때', '수혜 대상의 선별에 드는 비용이 수혜자에게 지급될 복지 예산보다 더 클 때']",4,
kbs-korean68-61,"무너지는 ㉠꽃 이파리처럼 휘날려 발 아래 깔리는 ㉡서른 나문 해야 구름같이 피려던 뜻은 날로 굳어 한 금 두 금 곱다랗게 감기는 ㉢연륜(年輪) 갈매기처럼 꼬리 떨며 산호 핀 바다 바다에 나려앉은 ㉣섬으로 가자 비취빛 하늘 아래 피는 꽃은 맑기도 하리라 무너질 적에는 눈빛 파도에 적시우리 초라한 경력을 ㉤육지에 막은 다음 주름 잡히는 연륜마저 끊어버리고 나도 또한 불꽃처럼 열렬히 살리라 - 김기림, 「연륜」",윗글에 대한 설명으로 가장 적절한 것은?,"['직유법을 활용하여 대상의 속성을 드러내고 있다.', '명사로 시상을 마무리하여 주제를 강조하고 있다.', '후각적 심상을 활용하여 화자의 정서를 구체화하고 있다.', '명령형 어미를 반복하여 자연 친화적 태도를 나타내고 있다.', '대조의 방식을 활용하여 암울한 현실에 대한 저항을 부각하고 있다.']",1,
kbs-korean68-62,"무너지는 ㉠꽃 이파리처럼 휘날려 발 아래 깔리는 ㉡서른 나문 해야 구름같이 피려던 뜻은 날로 굳어 한 금 두 금 곱다랗게 감기는 ㉢연륜(年輪) 갈매기처럼 꼬리 떨며 산호 핀 바다 바다에 나려앉은 ㉣섬으로 가자 비취빛 하늘 아래 피는 꽃은 맑기도 하리라 무너질 적에는 눈빛 파도에 적시우리 초라한 경력을 ㉤육지에 막은 다음 주름 잡히는 연륜마저 끊어버리고 나도 또한 불꽃처럼 열렬히 살리라 - 김기림, 「연륜」","㉠~㉤ 중, <보기>의 ⓐ와 관련된 것은?","['㉠', '㉡', '㉢', '㉣', '㉤']",4,이 작품에는 자신의 지나온 삶을 성찰하며 ⓐ 앞으로의 삶을 열정적으로 살겠다는 화자의 다짐이 드러나 있다.
kbs-korean68-63,"한산 통제영에서 장계를 쓰던 임진년의 여름밤은 달이 밝았다. 나는 내 무인된 운명을 깊 이 시름하였다. 한 자루의 칼과 더불어 나는 포위되어 있었고 세상의 덫에 걸려 있었지만, 이 세상의 칼로 이 세상의 보이지 않는 덫을 칠 수는 없었다. 한산 통제영에서 그리고 그 후의 여러 포구와 수영에서 나는 자주 식은땀을 흘렸고, 때때로 가엾고 안쓰러워서 칼을 버 리고 싶었다. 명량 전투에 관한 소문은 내가 보낸 장계의 범위를 넘는 것이었다. 그 소문은 명나라 총병부의 정탐들이 퍼뜨리는 것 같았다. 나는 등골이 으스스했다. 명량의 장계를 보낸 지 두 달 만에 논공행상이 내려왔다. 선전관은 오지 않고, 조정의 명을 받들어 도원수부가 시행했다. 거제 현령 안위가 정삼품 통정대부의 품계를 받았고 전투에 참가했던 여러 읍진 수령과 군관들이 승진했다. 나에게는 상금으로 은전 스무 냥 을 보내왔다. 스무 냥의 무게와 질감은 섬뜩했다. 그 스무 냥 속에서 남쪽 바다를 들여 다보는 임금의 눈은 가늘게 번뜩이고 있었다. [A] 스무 냥이 내려온 지 이틀 뒤에, 임금이 보낸 선전관 이원길이 목포 앞바다 고하도 수령 에 도착했다. 이원길은 수하를 거느리고 병영 막사 공사장까지 나를 찾아왔다. 서울 출신 문관인데, 바다를 평생 처음 본다고 했다. 몸매가 가냘팠고 흰 손가락이 길었다. 먼 길을 온 사람 같지 않게 그의 의관이 반듯했고 여독의 기색이 없었다. 수군 병영의 온갖 너저분한 풍경에 그는 자주 눈살을 찌푸렸다. 나는 공사장 천막에서 그를 맞았다. 나는 인사했다. ―객고가 크시겠소. 전하께서 수군을 이처럼 염려하여 주시니 감읍할 뿐이오. ―전하의 근심이 실로 깊소이다. 달아난 배설 말이오. 명량 전투 직전에 탈영 도주한 경상 우수사 배설을 체포해서 끌고 가는 것이 임무라고 그 는 밝혔다. 그가 데리고 온 부하들 중에는 무관들이 섞여 있었다. 배설은 이미 수군에서 도 망쳤는데, 배설을 체포하는 일로 선전관이 남해의 수군 수영까지 온다는 것은 이해할 수 없 는 일이었다. ―배설은 이미 달아났지 않소? 배설을 잡으려면 이리로 오실 게 아니라 그의 본가 마을로 가셔야 하지 않겠소? 경상도 성주 말이오. ―통제공, 그게 그리 간단치가 않소이다. 성주에도 군사들을 보냈으나 잡지 못했소. 배설이 성주에 들어온 흔적도 찾지 못했소. 배설이 비록 달아났다 하나 본래 담력 있는 무장이었 소. 따르는 장졸들도 많았던 것으로 아오. 이자가 달아나서 대체 무슨 짓을 하려는 것인지, 전하의 근심이 실로 여기에 있는 것이오. 나는 겨우 알았다. 임금이 수군통제사를 의심하고 있는 것이다. 명량 싸움의 결과가 임금은 두려운 것이다. 수영 안에 혹시라도 배설을 감추어놓고 역모 의 군사라도 기르고 있는 것이 아닌지, 그것이 임금의 조바심이었다. 이원길은 열흘 동안 수영에 머물렀다. 이원길은 데리고 온 수하들을 풀어 병영 안을 모두 뒤졌고 수영 인근 백성들의 마을 헛간까지 뒤졌다. 이원길은 명량 전투 이전과 이후의 장졸 들의 숫자를 점검했고 각 읍진의 탈영자 숫자를 확인했다. 이원길의 수하들이 수영의 모든 군관들을 불러서 배설의 탈영 경위와 탈영 직전 상황을 수사했다. 이원길의 수사의 초점은 배설이 수영에서 탈영했느냐 아니냐에 맞추어져 있었다. 이원길은 귀로에 우수영, 벽파진, 삼지원까지 뒤지고 돌아갔다. 나는 돌아가는 이원길을 전송하지 않았다. 이원길이 돌아가는 날짜를 나는 알지 못했다. 그날 나는 목수들을 데리고 앞섬의 산속으로 들어가 신축 막사에 쓸 재목을 실어내고 있었 다. 산속 가파른 비탈에서 목수 한 명이 굴러내리는 나무에 깔려 죽었다. 내 종사관 김수철 이 돌아가는 이원길 일행에게 점심을 차려내고 건어물을 싸주어 보냈다. 이원길이 돌아간 지 보름 뒤에 임금이 보낸 ㉠ 면사첩(免死帖)을 받았다. 도원수부의 행정 관이 면사첩을 들고 왔다. ‘면사’ 두 글자뿐이었다. 다른 아무 문구도 없었다. 조정을 능멸하 고 임금을 기만했으며 임금의 기동출격 명령에 따르지 않은 죄에 대하여 죽음을 면해주겠다 는 것이었다. 면사첩을 받던 날은 하루 종일 비가 내렸다. 나는 ‘면사’ 두 글자를 오랫동안 들여다보았다. 죄가 없다는 것도 아니고 죄를 사면해 주겠다는 것도 아니고 다만 죽이지는 않겠다는 것이었다. 너를 죽여 마땅하지만 죽이지는 않겠다고 임금은 멀리서 그렇게 말하고 있었다. ‘면사’ 두 글자 속에서, 뒤척이며 돌아눕는 임금의 해소 기침 소리가 들리는 듯했다. 글자 밑의 옥새 는 인주가 묻어날 듯이 새빨갰다. 칼을 올려놓은 시렁 아래 면사첩을 걸었다. 저 칼이 나의 칼인가 임금의 칼인가. 면사첩 위 시렁에서 내 환도 두 자루는 나를 베는 임금의 칼처럼 보 였다. - 김훈, 『칼의 노래』",[A]의 서술상 특징으로 가장 적절한 것은?,"['구체적인 사건과 대상을 활용하여 개인의 내면을 부각한다.', '장면에 따라 서술자를 달리하여 상황을 다각적으로 분석한다.', '역순행적 구성을 활용하여 사건이 일어난 연유를 구체화한다.', '현학적인 표현을 빈번하게 사용하여 이상적인 삶의 모습을 드러낸다.', '서로 무관한 사건들의 병치를 통해 인물의 다양한 면모를 보여 준다.']",1,
kbs-korean68-64,"한산 통제영에서 장계를 쓰던 임진년의 여름밤은 달이 밝았다. 나는 내 무인된 운명을 깊 이 시름하였다. 한 자루의 칼과 더불어 나는 포위되어 있었고 세상의 덫에 걸려 있었지만, 이 세상의 칼로 이 세상의 보이지 않는 덫을 칠 수는 없었다. 한산 통제영에서 그리고 그 후의 여러 포구와 수영에서 나는 자주 식은땀을 흘렸고, 때때로 가엾고 안쓰러워서 칼을 버 리고 싶었다. 명량 전투에 관한 소문은 내가 보낸 장계의 범위를 넘는 것이었다. 그 소문은 명나라 총병부의 정탐들이 퍼뜨리는 것 같았다. 나는 등골이 으스스했다. 명량의 장계를 보낸 지 두 달 만에 논공행상이 내려왔다. 선전관은 오지 않고, 조정의 명을 받들어 도원수부가 시행했다. 거제 현령 안위가 정삼품 통정대부의 품계를 받았고 전투에 참가했던 여러 읍진 수령과 군관들이 승진했다. 나에게는 상금으로 은전 스무 냥 을 보내왔다. 스무 냥의 무게와 질감은 섬뜩했다. 그 스무 냥 속에서 남쪽 바다를 들여 다보는 임금의 눈은 가늘게 번뜩이고 있었다. [A] 스무 냥이 내려온 지 이틀 뒤에, 임금이 보낸 선전관 이원길이 목포 앞바다 고하도 수령 에 도착했다. 이원길은 수하를 거느리고 병영 막사 공사장까지 나를 찾아왔다. 서울 출신 문관인데, 바다를 평생 처음 본다고 했다. 몸매가 가냘팠고 흰 손가락이 길었다. 먼 길을 온 사람 같지 않게 그의 의관이 반듯했고 여독의 기색이 없었다. 수군 병영의 온갖 너저분한 풍경에 그는 자주 눈살을 찌푸렸다. 나는 공사장 천막에서 그를 맞았다. 나는 인사했다. ―객고가 크시겠소. 전하께서 수군을 이처럼 염려하여 주시니 감읍할 뿐이오. ―전하의 근심이 실로 깊소이다. 달아난 배설 말이오. 명량 전투 직전에 탈영 도주한 경상 우수사 배설을 체포해서 끌고 가는 것이 임무라고 그 는 밝혔다. 그가 데리고 온 부하들 중에는 무관들이 섞여 있었다. 배설은 이미 수군에서 도 망쳤는데, 배설을 체포하는 일로 선전관이 남해의 수군 수영까지 온다는 것은 이해할 수 없 는 일이었다. ―배설은 이미 달아났지 않소? 배설을 잡으려면 이리로 오실 게 아니라 그의 본가 마을로 가셔야 하지 않겠소? 경상도 성주 말이오. ―통제공, 그게 그리 간단치가 않소이다. 성주에도 군사들을 보냈으나 잡지 못했소. 배설이 성주에 들어온 흔적도 찾지 못했소. 배설이 비록 달아났다 하나 본래 담력 있는 무장이었 소. 따르는 장졸들도 많았던 것으로 아오. 이자가 달아나서 대체 무슨 짓을 하려는 것인지, 전하의 근심이 실로 여기에 있는 것이오. 나는 겨우 알았다. 임금이 수군통제사를 의심하고 있는 것이다. 명량 싸움의 결과가 임금은 두려운 것이다. 수영 안에 혹시라도 배설을 감추어놓고 역모 의 군사라도 기르고 있는 것이 아닌지, 그것이 임금의 조바심이었다. 이원길은 열흘 동안 수영에 머물렀다. 이원길은 데리고 온 수하들을 풀어 병영 안을 모두 뒤졌고 수영 인근 백성들의 마을 헛간까지 뒤졌다. 이원길은 명량 전투 이전과 이후의 장졸 들의 숫자를 점검했고 각 읍진의 탈영자 숫자를 확인했다. 이원길의 수하들이 수영의 모든 군관들을 불러서 배설의 탈영 경위와 탈영 직전 상황을 수사했다. 이원길의 수사의 초점은 배설이 수영에서 탈영했느냐 아니냐에 맞추어져 있었다. 이원길은 귀로에 우수영, 벽파진, 삼지원까지 뒤지고 돌아갔다. 나는 돌아가는 이원길을 전송하지 않았다. 이원길이 돌아가는 날짜를 나는 알지 못했다. 그날 나는 목수들을 데리고 앞섬의 산속으로 들어가 신축 막사에 쓸 재목을 실어내고 있었 다. 산속 가파른 비탈에서 목수 한 명이 굴러내리는 나무에 깔려 죽었다. 내 종사관 김수철 이 돌아가는 이원길 일행에게 점심을 차려내고 건어물을 싸주어 보냈다. 이원길이 돌아간 지 보름 뒤에 임금이 보낸 ㉠ 면사첩(免死帖)을 받았다. 도원수부의 행정 관이 면사첩을 들고 왔다. ‘면사’ 두 글자뿐이었다. 다른 아무 문구도 없었다. 조정을 능멸하 고 임금을 기만했으며 임금의 기동출격 명령에 따르지 않은 죄에 대하여 죽음을 면해주겠다 는 것이었다. 면사첩을 받던 날은 하루 종일 비가 내렸다. 나는 ‘면사’ 두 글자를 오랫동안 들여다보았다. 죄가 없다는 것도 아니고 죄를 사면해 주겠다는 것도 아니고 다만 죽이지는 않겠다는 것이었다. 너를 죽여 마땅하지만 죽이지는 않겠다고 임금은 멀리서 그렇게 말하고 있었다. ‘면사’ 두 글자 속에서, 뒤척이며 돌아눕는 임금의 해소 기침 소리가 들리는 듯했다. 글자 밑의 옥새 는 인주가 묻어날 듯이 새빨갰다. 칼을 올려놓은 시렁 아래 면사첩을 걸었다. 저 칼이 나의 칼인가 임금의 칼인가. 면사첩 위 시렁에서 내 환도 두 자루는 나를 베는 임금의 칼처럼 보 였다. - 김훈, 『칼의 노래』",윗글의 ㉠에 대해 이해한 내용으로 적절하지 않은 것은?,"['‘면사첩’에 따르면, ‘임금’은 ‘나’에게 시혜를 베푼 존재이다.', '‘면사첩’에 따르면, ‘나’의 죄는 조정을 능멸한 대역죄와 관련된다.', '‘면사첩’에 따르면, ‘임금’은 ‘나’의 죄를 사면할 마음은 갖고 있지 않았다.', '‘면사첩’에 따르면, 명량 전투 이후 ‘나’에 대한 임금의 의혹은 해소되었다.', '‘면사첩’에 따르면, 임금은 ‘나’의 생사를 주관할 수 있는 절대적인 존재이다.']",4,
kbs-korean68-65,"한산 통제영에서 장계를 쓰던 임진년의 여름밤은 달이 밝았다. 나는 내 무인된 운명을 깊 이 시름하였다. 한 자루의 칼과 더불어 나는 포위되어 있었고 세상의 덫에 걸려 있었지만, 이 세상의 칼로 이 세상의 보이지 않는 덫을 칠 수는 없었다. 한산 통제영에서 그리고 그 후의 여러 포구와 수영에서 나는 자주 식은땀을 흘렸고, 때때로 가엾고 안쓰러워서 칼을 버 리고 싶었다. 명량 전투에 관한 소문은 내가 보낸 장계의 범위를 넘는 것이었다. 그 소문은 명나라 총병부의 정탐들이 퍼뜨리는 것 같았다. 나는 등골이 으스스했다. 명량의 장계를 보낸 지 두 달 만에 논공행상이 내려왔다. 선전관은 오지 않고, 조정의 명을 받들어 도원수부가 시행했다. 거제 현령 안위가 정삼품 통정대부의 품계를 받았고 전투에 참가했던 여러 읍진 수령과 군관들이 승진했다. 나에게는 상금으로 은전 스무 냥 을 보내왔다. 스무 냥의 무게와 질감은 섬뜩했다. 그 스무 냥 속에서 남쪽 바다를 들여 다보는 임금의 눈은 가늘게 번뜩이고 있었다. [A] 스무 냥이 내려온 지 이틀 뒤에, 임금이 보낸 선전관 이원길이 목포 앞바다 고하도 수령 에 도착했다. 이원길은 수하를 거느리고 병영 막사 공사장까지 나를 찾아왔다. 서울 출신 문관인데, 바다를 평생 처음 본다고 했다. 몸매가 가냘팠고 흰 손가락이 길었다. 먼 길을 온 사람 같지 않게 그의 의관이 반듯했고 여독의 기색이 없었다. 수군 병영의 온갖 너저분한 풍경에 그는 자주 눈살을 찌푸렸다. 나는 공사장 천막에서 그를 맞았다. 나는 인사했다. ―객고가 크시겠소. 전하께서 수군을 이처럼 염려하여 주시니 감읍할 뿐이오. ―전하의 근심이 실로 깊소이다. 달아난 배설 말이오. 명량 전투 직전에 탈영 도주한 경상 우수사 배설을 체포해서 끌고 가는 것이 임무라고 그 는 밝혔다. 그가 데리고 온 부하들 중에는 무관들이 섞여 있었다. 배설은 이미 수군에서 도 망쳤는데, 배설을 체포하는 일로 선전관이 남해의 수군 수영까지 온다는 것은 이해할 수 없 는 일이었다. ―배설은 이미 달아났지 않소? 배설을 잡으려면 이리로 오실 게 아니라 그의 본가 마을로 가셔야 하지 않겠소? 경상도 성주 말이오. ―통제공, 그게 그리 간단치가 않소이다. 성주에도 군사들을 보냈으나 잡지 못했소. 배설이 성주에 들어온 흔적도 찾지 못했소. 배설이 비록 달아났다 하나 본래 담력 있는 무장이었 소. 따르는 장졸들도 많았던 것으로 아오. 이자가 달아나서 대체 무슨 짓을 하려는 것인지, 전하의 근심이 실로 여기에 있는 것이오. 나는 겨우 알았다. 임금이 수군통제사를 의심하고 있는 것이다. 명량 싸움의 결과가 임금은 두려운 것이다. 수영 안에 혹시라도 배설을 감추어놓고 역모 의 군사라도 기르고 있는 것이 아닌지, 그것이 임금의 조바심이었다. 이원길은 열흘 동안 수영에 머물렀다. 이원길은 데리고 온 수하들을 풀어 병영 안을 모두 뒤졌고 수영 인근 백성들의 마을 헛간까지 뒤졌다. 이원길은 명량 전투 이전과 이후의 장졸 들의 숫자를 점검했고 각 읍진의 탈영자 숫자를 확인했다. 이원길의 수하들이 수영의 모든 군관들을 불러서 배설의 탈영 경위와 탈영 직전 상황을 수사했다. 이원길의 수사의 초점은 배설이 수영에서 탈영했느냐 아니냐에 맞추어져 있었다. 이원길은 귀로에 우수영, 벽파진, 삼지원까지 뒤지고 돌아갔다. 나는 돌아가는 이원길을 전송하지 않았다. 이원길이 돌아가는 날짜를 나는 알지 못했다. 그날 나는 목수들을 데리고 앞섬의 산속으로 들어가 신축 막사에 쓸 재목을 실어내고 있었 다. 산속 가파른 비탈에서 목수 한 명이 굴러내리는 나무에 깔려 죽었다. 내 종사관 김수철 이 돌아가는 이원길 일행에게 점심을 차려내고 건어물을 싸주어 보냈다. 이원길이 돌아간 지 보름 뒤에 임금이 보낸 ㉠ 면사첩(免死帖)을 받았다. 도원수부의 행정 관이 면사첩을 들고 왔다. ‘면사’ 두 글자뿐이었다. 다른 아무 문구도 없었다. 조정을 능멸하 고 임금을 기만했으며 임금의 기동출격 명령에 따르지 않은 죄에 대하여 죽음을 면해주겠다 는 것이었다. 면사첩을 받던 날은 하루 종일 비가 내렸다. 나는 ‘면사’ 두 글자를 오랫동안 들여다보았다. 죄가 없다는 것도 아니고 죄를 사면해 주겠다는 것도 아니고 다만 죽이지는 않겠다는 것이었다. 너를 죽여 마땅하지만 죽이지는 않겠다고 임금은 멀리서 그렇게 말하고 있었다. ‘면사’ 두 글자 속에서, 뒤척이며 돌아눕는 임금의 해소 기침 소리가 들리는 듯했다. 글자 밑의 옥새 는 인주가 묻어날 듯이 새빨갰다. 칼을 올려놓은 시렁 아래 면사첩을 걸었다. 저 칼이 나의 칼인가 임금의 칼인가. 면사첩 위 시렁에서 내 환도 두 자루는 나를 베는 임금의 칼처럼 보 였다. - 김훈, 『칼의 노래』",<보기>를 참조하여 윗글을 감상한 내용으로 적절하지 않은 것은?,"['‘나’가 ‘장계를 쓰던 임진년의 여름밤’에 ‘무인된 운명을 깊이 시름’하는 장면에서 ‘나’의 고뇌가 회상의 형식을 통해 드러나는군.', '‘나’가 세상의 덫에 걸린 스스로를 ‘가엾고 안쓰러워’하는 장면에서 자기 연민에 빠진 내면을 가 진 인물 형상이 부각되는군.', '‘나’가 ‘명나라 총병부의 정탐들’의 행위에 대해 ‘으스스’ 떠는 장면에서 특정의 역사적 상황과 대 면한 ‘나’의 고독한 내면이 서사화되는군.', '‘이원길’이 수군 수영에 내려와 수사를 하는 장면에서 ‘나’를 고통스럽게 하는 부정적 현실이 드 러나는군.', '‘나’가 ‘이원길을 전송하지 않’는 장면에서 유가적 이념이 소거된 인물 형상이 제시되고 있음을 알 수 있군.']",5,"『칼의 노래』는 개인을 고통스럽게 내모는 부정적 현실이나 특정의 역사적 상황과 대면한 ‘나’(이순신)의 고뇌와 결단의 과정이 ‘회상’의 형식을 통해 서사화된다. 주목할 만한 사실은 ‘나’는 유가적 이념만 을 체화한 영웅의 인물 형상이 아닌, 자기 연민에 빠진 인물로 형상화되기도 한다는 것이다."
kbs-korean68-66,"성직자들은 성서에도 사람을 죽인 동물은 유죄이며 불결하기 때문에 죽여야 한다고 적혀 있다고 강조했다. ｢출애굽기｣에는 “남자나 여자를 죽인 황소는 돌로 쳐 죽여야 하고 그 고 기를 먹어서는 안 된다. 그러나 소의 주인은 죄가 없다”라는 구절이 있다. 그래서 중세에는 적지 않은 기독교 작가들이 동물한테도 스스로 저지른 행동에 대한 책임이 어느 정도는 있 다고 생각했다. 모든 살아 있는 존재가 그러하듯이 동물도 영혼을 지니는데, 생명의 숨결인 그것은 죽은 뒤 신에게 돌아간다. 영혼은 생육을 하며, 식물의 경우와 마찬가지로 그것은 영양·성장·재생의 근원이다. 영혼은 감지를 하며, 그것은 모든 감각의 근원이자 인간과 유사 한 정도로 고등하다고 판단되는 동물들이 지닌 지성의 근원이기도 하다. 그래서 많은 작가 들이 동물도 꿈을 꾸고 식별하며 추론하고 기억하며, 새로운 습성을 지닐 수 있다고 보았 다. 그러나 동물이 인간처럼 사고의 원천과 영적인 원천을 지니고 있는지가 문제시되었다. 토 마스 아퀴나스는 이 두 성질은 인간만이 지닌 고유한 것이라고 밝혔다. 고등한 동물은 분 명히 감각적인 인식 능력과 어떤 종류의 실천적 지성을 갖추고 있고, 어떤 감정 상태에 이 를 수도 있다. 하지만 비물질적인 것을 지각할 수는 없다. 자신에게 친숙한 ‘집’을 분간할 수는 있지만, ‘집’이라는 추상 관념에 이를 수는 없다는 것이다. 알베르투스 마그누스는 동 물이 어떻게 추론 능력을 지니고 있는지를 보여 주면서 다른 능력의 한계를 제시했다. 그 는 지능이 높은 동물에게도 신호는 그 자체로 머물러 있을 뿐, 결코 오늘날 상징이라고 부 르는 것이 되지는 않는다고 강조했다. 이 두 개의 근본적인 차이가 인간과 동물 사이에 뛰어넘을 수 없는 벽을 세운다고 볼 수 있다. 동물은 실체가 없는 것을 지각하지 못한다. 모든 종교적·도덕적 관념과 추상적 관념 은 동물에게 금지된다. 그래서 토마스 아퀴나스는 동물을 재판에 부치는 것에 반대했다. 동 물은 사물의 숫자, 나아가 신호까지도 인식할 수 있지만 선악을 구분하지는 못한다는 이유 에서였다. 그렇지만 스콜라 신학은 동물의 내세와 현세에 관해 수많은 물음을 던지고 동물 을 도덕적인 책임이 있는 존재로 다룰 수 있을지를 계속해서 물었다. 그리고 토마스 아퀴 나스의 권위에도 불구하고 중세 말의 신학자들과 법학자들은 대부분 그 물음에 계속 긍정 적으로 답했다. 하지만 17세기가 되면서 상황이 변화했다. ㉠ 철학자들이 등장했다. 예 컨대 데카르트에게 동물은 영혼을 가지고 있지 않으며 이성적 능력도 없는 존재였다. 동물 은 오롯이 ㉡ 기계론적 기관이었다. 얼마 뒤 라메트라는 이러한 이론을 인간에게까지 넓혀 적용하였다. 말브랑슈에 따르면, 동물은 번민을 알지 못한다. 번민은 원죄가 가져온 것이고, 동물은 원죄와는 관련이 없기 때문이다. 동물을 도덕적이고, 책임이라는 관념을 지니고, 선 으로 향하는 것이 가능한 존재라고 생각하는 것에 대해 점점 더 많은 작가들이 터무니없다 고 여기게 되었다. 라신은 소송광이라는 희곡 작품에서, 당뎅 판사가 식용 닭을 훔친 개 에게 갤리선으로 보내 노를 젓게 하는 형벌을 내린 판결을 우스갯거리로 다루었다.",윗글을 이해한 내용으로 적절하지 않은 것은?,"['근대 사상가들은 동물 재판을 부정했다.', '스콜라 철학자들은 동물의 도덕적 책임에 대해 논의했다.', '중세에는 동물도 영혼이 있는 존재라고 여기는 작가들이 있었다.', '토마스 아퀴나스는 동물이 추상 관념을 이해할 수 있다고 보았다.', '토마스 아퀴나스와 중세 말 많은 사상가들은 동물의 도덕적 책임에 대한 견해가 달랐다.']",4,
kbs-korean68-67,"성직자들은 성서에도 사람을 죽인 동물은 유죄이며 불결하기 때문에 죽여야 한다고 적혀 있다고 강조했다. ｢출애굽기｣에는 “남자나 여자를 죽인 황소는 돌로 쳐 죽여야 하고 그 고 기를 먹어서는 안 된다. 그러나 소의 주인은 죄가 없다”라는 구절이 있다. 그래서 중세에는 적지 않은 기독교 작가들이 동물한테도 스스로 저지른 행동에 대한 책임이 어느 정도는 있 다고 생각했다. 모든 살아 있는 존재가 그러하듯이 동물도 영혼을 지니는데, 생명의 숨결인 그것은 죽은 뒤 신에게 돌아간다. 영혼은 생육을 하며, 식물의 경우와 마찬가지로 그것은 영양·성장·재생의 근원이다. 영혼은 감지를 하며, 그것은 모든 감각의 근원이자 인간과 유사 한 정도로 고등하다고 판단되는 동물들이 지닌 지성의 근원이기도 하다. 그래서 많은 작가 들이 동물도 꿈을 꾸고 식별하며 추론하고 기억하며, 새로운 습성을 지닐 수 있다고 보았 다. 그러나 동물이 인간처럼 사고의 원천과 영적인 원천을 지니고 있는지가 문제시되었다. 토 마스 아퀴나스는 이 두 성질은 인간만이 지닌 고유한 것이라고 밝혔다. 고등한 동물은 분 명히 감각적인 인식 능력과 어떤 종류의 실천적 지성을 갖추고 있고, 어떤 감정 상태에 이 를 수도 있다. 하지만 비물질적인 것을 지각할 수는 없다. 자신에게 친숙한 ‘집’을 분간할 수는 있지만, ‘집’이라는 추상 관념에 이를 수는 없다는 것이다. 알베르투스 마그누스는 동 물이 어떻게 추론 능력을 지니고 있는지를 보여 주면서 다른 능력의 한계를 제시했다. 그 는 지능이 높은 동물에게도 신호는 그 자체로 머물러 있을 뿐, 결코 오늘날 상징이라고 부 르는 것이 되지는 않는다고 강조했다. 이 두 개의 근본적인 차이가 인간과 동물 사이에 뛰어넘을 수 없는 벽을 세운다고 볼 수 있다. 동물은 실체가 없는 것을 지각하지 못한다. 모든 종교적·도덕적 관념과 추상적 관념 은 동물에게 금지된다. 그래서 토마스 아퀴나스는 동물을 재판에 부치는 것에 반대했다. 동 물은 사물의 숫자, 나아가 신호까지도 인식할 수 있지만 선악을 구분하지는 못한다는 이유 에서였다. 그렇지만 스콜라 신학은 동물의 내세와 현세에 관해 수많은 물음을 던지고 동물 을 도덕적인 책임이 있는 존재로 다룰 수 있을지를 계속해서 물었다. 그리고 토마스 아퀴 나스의 권위에도 불구하고 중세 말의 신학자들과 법학자들은 대부분 그 물음에 계속 긍정 적으로 답했다. 하지만 17세기가 되면서 상황이 변화했다. ㉠ 철학자들이 등장했다. 예 컨대 데카르트에게 동물은 영혼을 가지고 있지 않으며 이성적 능력도 없는 존재였다. 동물 은 오롯이 ㉡ 기계론적 기관이었다. 얼마 뒤 라메트라는 이러한 이론을 인간에게까지 넓혀 적용하였다. 말브랑슈에 따르면, 동물은 번민을 알지 못한다. 번민은 원죄가 가져온 것이고, 동물은 원죄와는 관련이 없기 때문이다. 동물을 도덕적이고, 책임이라는 관념을 지니고, 선 으로 향하는 것이 가능한 존재라고 생각하는 것에 대해 점점 더 많은 작가들이 터무니없다 고 여기게 되었다. 라신은 소송광이라는 희곡 작품에서, 당뎅 판사가 식용 닭을 훔친 개 에게 갤리선으로 보내 노를 젓게 하는 형벌을 내린 판결을 우스갯거리로 다루었다.",㉠에 들어갈 말로 가장 적절한 것은?,"['기존의 종교관에 반대하는', '기존의 내세관에 반대하는', '기존의 동물 개념에 반대하는', '기존의 선악 개념에 반대하는', '기존의 영혼 개념에 반대하는']",5,
kbs-korean68-68,"성직자들은 성서에도 사람을 죽인 동물은 유죄이며 불결하기 때문에 죽여야 한다고 적혀 있다고 강조했다. ｢출애굽기｣에는 “남자나 여자를 죽인 황소는 돌로 쳐 죽여야 하고 그 고 기를 먹어서는 안 된다. 그러나 소의 주인은 죄가 없다”라는 구절이 있다. 그래서 중세에는 적지 않은 기독교 작가들이 동물한테도 스스로 저지른 행동에 대한 책임이 어느 정도는 있 다고 생각했다. 모든 살아 있는 존재가 그러하듯이 동물도 영혼을 지니는데, 생명의 숨결인 그것은 죽은 뒤 신에게 돌아간다. 영혼은 생육을 하며, 식물의 경우와 마찬가지로 그것은 영양·성장·재생의 근원이다. 영혼은 감지를 하며, 그것은 모든 감각의 근원이자 인간과 유사 한 정도로 고등하다고 판단되는 동물들이 지닌 지성의 근원이기도 하다. 그래서 많은 작가 들이 동물도 꿈을 꾸고 식별하며 추론하고 기억하며, 새로운 습성을 지닐 수 있다고 보았 다. 그러나 동물이 인간처럼 사고의 원천과 영적인 원천을 지니고 있는지가 문제시되었다. 토 마스 아퀴나스는 이 두 성질은 인간만이 지닌 고유한 것이라고 밝혔다. 고등한 동물은 분 명히 감각적인 인식 능력과 어떤 종류의 실천적 지성을 갖추고 있고, 어떤 감정 상태에 이 를 수도 있다. 하지만 비물질적인 것을 지각할 수는 없다. 자신에게 친숙한 ‘집’을 분간할 수는 있지만, ‘집’이라는 추상 관념에 이를 수는 없다는 것이다. 알베르투스 마그누스는 동 물이 어떻게 추론 능력을 지니고 있는지를 보여 주면서 다른 능력의 한계를 제시했다. 그 는 지능이 높은 동물에게도 신호는 그 자체로 머물러 있을 뿐, 결코 오늘날 상징이라고 부 르는 것이 되지는 않는다고 강조했다. 이 두 개의 근본적인 차이가 인간과 동물 사이에 뛰어넘을 수 없는 벽을 세운다고 볼 수 있다. 동물은 실체가 없는 것을 지각하지 못한다. 모든 종교적·도덕적 관념과 추상적 관념 은 동물에게 금지된다. 그래서 토마스 아퀴나스는 동물을 재판에 부치는 것에 반대했다. 동 물은 사물의 숫자, 나아가 신호까지도 인식할 수 있지만 선악을 구분하지는 못한다는 이유 에서였다. 그렇지만 스콜라 신학은 동물의 내세와 현세에 관해 수많은 물음을 던지고 동물 을 도덕적인 책임이 있는 존재로 다룰 수 있을지를 계속해서 물었다. 그리고 토마스 아퀴 나스의 권위에도 불구하고 중세 말의 신학자들과 법학자들은 대부분 그 물음에 계속 긍정 적으로 답했다. 하지만 17세기가 되면서 상황이 변화했다. ㉠ 철학자들이 등장했다. 예 컨대 데카르트에게 동물은 영혼을 가지고 있지 않으며 이성적 능력도 없는 존재였다. 동물 은 오롯이 ㉡ 기계론적 기관이었다. 얼마 뒤 라메트라는 이러한 이론을 인간에게까지 넓혀 적용하였다. 말브랑슈에 따르면, 동물은 번민을 알지 못한다. 번민은 원죄가 가져온 것이고, 동물은 원죄와는 관련이 없기 때문이다. 동물을 도덕적이고, 책임이라는 관념을 지니고, 선 으로 향하는 것이 가능한 존재라고 생각하는 것에 대해 점점 더 많은 작가들이 터무니없다 고 여기게 되었다. 라신은 소송광이라는 희곡 작품에서, 당뎅 판사가 식용 닭을 훔친 개 에게 갤리선으로 보내 노를 젓게 하는 형벌을 내린 판결을 우스갯거리로 다루었다.",㉡의 의미로 가장 적절한 것은?,"['동물은 추론하고 기억할 수 있다.', '동물에게 선악 개념을 적용하기 어렵다.', '원죄의 개념이 동물에게도 적용될 수 있다.', '동물에게 도덕적 책임을 묻는 게 가능하다.', '동물의 생명 현상과 기계를 유비적으로 이해할 수 없다.']",2,
kbs-korean68-69,"지식은 어떤 사건 또는 사물의 인과 관계에 대한 기억에서 출발한다. 사물의 특성이나 사 건의 흐름을 관찰하고 경험한 것은 하나의 기억으로 남는다. 이러한 경험들이 남긴 기억에 서는 어떤 사물들에 공통으로 나타나는 특질들, 어떤 사건의 전후 관계로 일어나는 공통적 요소들을 발견하는 추상화 과정이 진행되고, 그러면서 지식은 규칙이나 법칙으로 구체화된 다. 지능은 알고 있던 지식을 적용하는 방법이다. 그리고 지능을 일으키는 원천은 바로 지 식이다. 지식을 활용하는 추론, 추리 과정을 통해 지능은 관찰하거나 경험하지 못한 것에 대한 인과를 끌어낼 수 있다. 그러므로 지능의 의미는 지식의 추론을 통한 새로운 지식의 창출 활동이라고 할 만하다. 따라서 지능 활동은 추론이나 추리 과정이라 볼 수 있다. 전통적으로 정보를 지식으로 바꾸는 과정은 사람만이 할 수 있었다. 인간은 지식을 담아 내는 수단도 함께 만들었는데, 우리가 쓰는 말, 문자, 그림 따위가 지식을 기록하고 저장하 기 위한 대표적인 것이다. 인간의 사상 또는 감정을 표현한 창작물은 저작물이라 하여 법에 서 저작권의 대상으로 보호한다. 현대에 들어서는 디지털 정보 기술이 급격히 발달하면서 컴퓨터가 우리의 일상생활에 꼭 필요한 필수 요소로 자리 잡았다. 창작물을 저장하고 이용 하는 수단 또한 디지털 정보 기술을 활용하게 되었다. 가상 현실, 게임과 같은 새로운 형식 도 출현하고 있다. 이들은 글이나, 말, 음악, 영상의 요소가 디지털 데이터로 변환된 것으로 본질적으로 전통적 표현 형식을 크게 벗어났다고까지 할 것은 아니다. 다만 사람의 생각이 나 의도를 담을 수 있도록 구성된 장치들이 활동하면서 여러 데이터를 생성할 수 있다는 것 이고, 그리하여 이들도 사람의 창작물로 인정될 여지가 있다는 것이다. 어떤 제품을 생산하는 과정에 대해서는 일반적으로 사람의 생각이나 의도를 담아내는 공 정은 아니라고들 여긴다. 사람은 제품을 생산하기 위해 여러 기기를 모아서 제조 과정을 구 성하고, 정해진 순서에 따라 그 기기들을 조작한다. 이 과정에서 특정한 조절 요소를 조화 롭게 설정할 경우, 그로 말미암아 품질의 개선이나 생산량의 확대가 뒤따른다. 그것을 우리 는 ‘노하우’라고 부른다. 이것을 창작의 산물이 아니라 보기도 하지만, 노하우는 생산 현장 의 지식이며 그 가치 또한 인정되는 것이 사실이다. 만일 노하우와 같은 생산 현장의 지식 을 전통적인 형식, 즉 언어적 저작물, 촬영 영상, 그래프 등으로 표현하게 된다면, 이 또한 창작물의 범주에 넣어 관리할 수 있는 여지가 있다. 특히 디지털 정보 기술을 적용한 생산 과정에서는, 이 과정에 따라 발생한 데이터를 모두 모아 콘텐츠의 형식으로 표현할 수 있다. 이런 노하우의 가치가 담긴 콘텐츠 데이터를 어떤 규칙이나 알고리즘으로 처리하면, 마찬가지로 새로운 현장에 ‘재현’하거나 ‘적용’할 수 있는 지식이 된다. 이는 새로운 형태의 저작물이 될 수 있지 않을까? 이들은 전통적인 형식의 표현 수단이 아니라 ‘데이터’라는 새로운 기호 매체를 이용하고 있으며, 담고 있는 내용도 직접 드러나지 않고 어떤 처리 과정을 거쳐야만 발현되도록 내재되어 있는 형태를 가진 산물이다. 오늘날 지식 환경의 변화는 이들도 저작물의 범주에 넣는 과제를 고려하도록 하는 상황이라 하겠다.",윗글의 내용과 일치하는 것은?,"['정보를 지식으로 바꾸는 과정은 사람만이 수행할 수 있는 특성이다.', '사람은 추리와 추론을 수행할 수 있기에 지능을 가졌다고 할 수 있다.', '지식을 통해 새로운 지식을 창출하는 데 가장 중요한 요소는 추상화 과정이다.', '규칙은 지능의 구체적 작용으로서 일정한 범주에 있는 사항들에 공통적으로 적용될 수 있다.', '디지털 기반의 새로운 표현 형식인 가상 현실은 전통적인 문자 표현과는 본질적으로 다르다.']",2,
kbs-korean68-70,"지식은 어떤 사건 또는 사물의 인과 관계에 대한 기억에서 출발한다. 사물의 특성이나 사 건의 흐름을 관찰하고 경험한 것은 하나의 기억으로 남는다. 이러한 경험들이 남긴 기억에 서는 어떤 사물들에 공통으로 나타나는 특질들, 어떤 사건의 전후 관계로 일어나는 공통적 요소들을 발견하는 추상화 과정이 진행되고, 그러면서 지식은 규칙이나 법칙으로 구체화된 다. 지능은 알고 있던 지식을 적용하는 방법이다. 그리고 지능을 일으키는 원천은 바로 지 식이다. 지식을 활용하는 추론, 추리 과정을 통해 지능은 관찰하거나 경험하지 못한 것에 대한 인과를 끌어낼 수 있다. 그러므로 지능의 의미는 지식의 추론을 통한 새로운 지식의 창출 활동이라고 할 만하다. 따라서 지능 활동은 추론이나 추리 과정이라 볼 수 있다. 전통적으로 정보를 지식으로 바꾸는 과정은 사람만이 할 수 있었다. 인간은 지식을 담아 내는 수단도 함께 만들었는데, 우리가 쓰는 말, 문자, 그림 따위가 지식을 기록하고 저장하 기 위한 대표적인 것이다. 인간의 사상 또는 감정을 표현한 창작물은 저작물이라 하여 법에 서 저작권의 대상으로 보호한다. 현대에 들어서는 디지털 정보 기술이 급격히 발달하면서 컴퓨터가 우리의 일상생활에 꼭 필요한 필수 요소로 자리 잡았다. 창작물을 저장하고 이용 하는 수단 또한 디지털 정보 기술을 활용하게 되었다. 가상 현실, 게임과 같은 새로운 형식 도 출현하고 있다. 이들은 글이나, 말, 음악, 영상의 요소가 디지털 데이터로 변환된 것으로 본질적으로 전통적 표현 형식을 크게 벗어났다고까지 할 것은 아니다. 다만 사람의 생각이 나 의도를 담을 수 있도록 구성된 장치들이 활동하면서 여러 데이터를 생성할 수 있다는 것 이고, 그리하여 이들도 사람의 창작물로 인정될 여지가 있다는 것이다. 어떤 제품을 생산하는 과정에 대해서는 일반적으로 사람의 생각이나 의도를 담아내는 공 정은 아니라고들 여긴다. 사람은 제품을 생산하기 위해 여러 기기를 모아서 제조 과정을 구 성하고, 정해진 순서에 따라 그 기기들을 조작한다. 이 과정에서 특정한 조절 요소를 조화 롭게 설정할 경우, 그로 말미암아 품질의 개선이나 생산량의 확대가 뒤따른다. 그것을 우리 는 ‘노하우’라고 부른다. 이것을 창작의 산물이 아니라 보기도 하지만, 노하우는 생산 현장 의 지식이며 그 가치 또한 인정되는 것이 사실이다. 만일 노하우와 같은 생산 현장의 지식 을 전통적인 형식, 즉 언어적 저작물, 촬영 영상, 그래프 등으로 표현하게 된다면, 이 또한 창작물의 범주에 넣어 관리할 수 있는 여지가 있다. 특히 디지털 정보 기술을 적용한 생산 과정에서는, 이 과정에 따라 발생한 데이터를 모두 모아 콘텐츠의 형식으로 표현할 수 있다. 이런 노하우의 가치가 담긴 콘텐츠 데이터를 어떤 규칙이나 알고리즘으로 처리하면, 마찬가지로 새로운 현장에 ‘재현’하거나 ‘적용’할 수 있는 지식이 된다. 이는 새로운 형태의 저작물이 될 수 있지 않을까? 이들은 전통적인 형식의 표현 수단이 아니라 ‘데이터’라는 새로운 기호 매체를 이용하고 있으며, 담고 있는 내용도 직접 드러나지 않고 어떤 처리 과정을 거쳐야만 발현되도록 내재되어 있는 형태를 가진 산물이다. 오늘날 지식 환경의 변화는 이들도 저작물의 범주에 넣는 과제를 고려하도록 하는 상황이라 하겠다.",윗글에 나타난 서술 방식으로 가장 적절한 것은?,"['상반된 관점의 주장을 절충하여 대안을 제시한다.', '어려운 개념을 익숙한 대상에 비유하여 이해를 돕는다.', '일반적인 사회 통념에 대해 근본적인 문제를 제기한다.', '대상에 대한 인식의 변화를 상황의 변화에 따라 제시한다.', '대상과 관련된 다양한 이견의 장단점을 구체적으로 설명한다.']",4,
kbs-korean68-71,"지식은 어떤 사건 또는 사물의 인과 관계에 대한 기억에서 출발한다. 사물의 특성이나 사 건의 흐름을 관찰하고 경험한 것은 하나의 기억으로 남는다. 이러한 경험들이 남긴 기억에 서는 어떤 사물들에 공통으로 나타나는 특질들, 어떤 사건의 전후 관계로 일어나는 공통적 요소들을 발견하는 추상화 과정이 진행되고, 그러면서 지식은 규칙이나 법칙으로 구체화된 다. 지능은 알고 있던 지식을 적용하는 방법이다. 그리고 지능을 일으키는 원천은 바로 지 식이다. 지식을 활용하는 추론, 추리 과정을 통해 지능은 관찰하거나 경험하지 못한 것에 대한 인과를 끌어낼 수 있다. 그러므로 지능의 의미는 지식의 추론을 통한 새로운 지식의 창출 활동이라고 할 만하다. 따라서 지능 활동은 추론이나 추리 과정이라 볼 수 있다. 전통적으로 정보를 지식으로 바꾸는 과정은 사람만이 할 수 있었다. 인간은 지식을 담아 내는 수단도 함께 만들었는데, 우리가 쓰는 말, 문자, 그림 따위가 지식을 기록하고 저장하 기 위한 대표적인 것이다. 인간의 사상 또는 감정을 표현한 창작물은 저작물이라 하여 법에 서 저작권의 대상으로 보호한다. 현대에 들어서는 디지털 정보 기술이 급격히 발달하면서 컴퓨터가 우리의 일상생활에 꼭 필요한 필수 요소로 자리 잡았다. 창작물을 저장하고 이용 하는 수단 또한 디지털 정보 기술을 활용하게 되었다. 가상 현실, 게임과 같은 새로운 형식 도 출현하고 있다. 이들은 글이나, 말, 음악, 영상의 요소가 디지털 데이터로 변환된 것으로 본질적으로 전통적 표현 형식을 크게 벗어났다고까지 할 것은 아니다. 다만 사람의 생각이 나 의도를 담을 수 있도록 구성된 장치들이 활동하면서 여러 데이터를 생성할 수 있다는 것 이고, 그리하여 이들도 사람의 창작물로 인정될 여지가 있다는 것이다. 어떤 제품을 생산하는 과정에 대해서는 일반적으로 사람의 생각이나 의도를 담아내는 공 정은 아니라고들 여긴다. 사람은 제품을 생산하기 위해 여러 기기를 모아서 제조 과정을 구 성하고, 정해진 순서에 따라 그 기기들을 조작한다. 이 과정에서 특정한 조절 요소를 조화 롭게 설정할 경우, 그로 말미암아 품질의 개선이나 생산량의 확대가 뒤따른다. 그것을 우리 는 ‘노하우’라고 부른다. 이것을 창작의 산물이 아니라 보기도 하지만, 노하우는 생산 현장 의 지식이며 그 가치 또한 인정되는 것이 사실이다. 만일 노하우와 같은 생산 현장의 지식 을 전통적인 형식, 즉 언어적 저작물, 촬영 영상, 그래프 등으로 표현하게 된다면, 이 또한 창작물의 범주에 넣어 관리할 수 있는 여지가 있다. 특히 디지털 정보 기술을 적용한 생산 과정에서는, 이 과정에 따라 발생한 데이터를 모두 모아 콘텐츠의 형식으로 표현할 수 있다. 이런 노하우의 가치가 담긴 콘텐츠 데이터를 어떤 규칙이나 알고리즘으로 처리하면, 마찬가지로 새로운 현장에 ‘재현’하거나 ‘적용’할 수 있는 지식이 된다. 이는 새로운 형태의 저작물이 될 수 있지 않을까? 이들은 전통적인 형식의 표현 수단이 아니라 ‘데이터’라는 새로운 기호 매체를 이용하고 있으며, 담고 있는 내용도 직접 드러나지 않고 어떤 처리 과정을 거쳐야만 발현되도록 내재되어 있는 형태를 가진 산물이다. 오늘날 지식 환경의 변화는 이들도 저작물의 범주에 넣는 과제를 고려하도록 하는 상황이라 하겠다.",윗글에 나타난 글쓴이의 태도에 해당하지 않는 것은?,"['저작권의 대상이 되는 것은 인간의 생각이나 의도에 기반한 것이어야 한다고 본다.', '산업 현장에서의 노하우도 창작물로 인정받을 수 있는 방안이 마련되어야 한다고 본다.', '제품의 생산 과정 자체는 창작의 산물로 보지 않는다는 것이 일반적인 인식이라고 인정한다.', '컴퓨터와 같은 새로운 기술의 등장으로 종래 인정되지 않던 지식도 새롭게 저작권의 대상이 될 수 있음을 인정한다.', '생산 과정에서 품질의 개선이나 생산량의 확대를 가져오는 설정 방법은 그 자체가 저작물로 인 정되어야 한다고 본다.']",5,
kbs-korean68-72,"지식은 어떤 사건 또는 사물의 인과 관계에 대한 기억에서 출발한다. 사물의 특성이나 사 건의 흐름을 관찰하고 경험한 것은 하나의 기억으로 남는다. 이러한 경험들이 남긴 기억에 서는 어떤 사물들에 공통으로 나타나는 특질들, 어떤 사건의 전후 관계로 일어나는 공통적 요소들을 발견하는 추상화 과정이 진행되고, 그러면서 지식은 규칙이나 법칙으로 구체화된 다. 지능은 알고 있던 지식을 적용하는 방법이다. 그리고 지능을 일으키는 원천은 바로 지 식이다. 지식을 활용하는 추론, 추리 과정을 통해 지능은 관찰하거나 경험하지 못한 것에 대한 인과를 끌어낼 수 있다. 그러므로 지능의 의미는 지식의 추론을 통한 새로운 지식의 창출 활동이라고 할 만하다. 따라서 지능 활동은 추론이나 추리 과정이라 볼 수 있다. 전통적으로 정보를 지식으로 바꾸는 과정은 사람만이 할 수 있었다. 인간은 지식을 담아 내는 수단도 함께 만들었는데, 우리가 쓰는 말, 문자, 그림 따위가 지식을 기록하고 저장하 기 위한 대표적인 것이다. 인간의 사상 또는 감정을 표현한 창작물은 저작물이라 하여 법에 서 저작권의 대상으로 보호한다. 현대에 들어서는 디지털 정보 기술이 급격히 발달하면서 컴퓨터가 우리의 일상생활에 꼭 필요한 필수 요소로 자리 잡았다. 창작물을 저장하고 이용 하는 수단 또한 디지털 정보 기술을 활용하게 되었다. 가상 현실, 게임과 같은 새로운 형식 도 출현하고 있다. 이들은 글이나, 말, 음악, 영상의 요소가 디지털 데이터로 변환된 것으로 본질적으로 전통적 표현 형식을 크게 벗어났다고까지 할 것은 아니다. 다만 사람의 생각이 나 의도를 담을 수 있도록 구성된 장치들이 활동하면서 여러 데이터를 생성할 수 있다는 것 이고, 그리하여 이들도 사람의 창작물로 인정될 여지가 있다는 것이다. 어떤 제품을 생산하는 과정에 대해서는 일반적으로 사람의 생각이나 의도를 담아내는 공 정은 아니라고들 여긴다. 사람은 제품을 생산하기 위해 여러 기기를 모아서 제조 과정을 구 성하고, 정해진 순서에 따라 그 기기들을 조작한다. 이 과정에서 특정한 조절 요소를 조화 롭게 설정할 경우, 그로 말미암아 품질의 개선이나 생산량의 확대가 뒤따른다. 그것을 우리 는 ‘노하우’라고 부른다. 이것을 창작의 산물이 아니라 보기도 하지만, 노하우는 생산 현장 의 지식이며 그 가치 또한 인정되는 것이 사실이다. 만일 노하우와 같은 생산 현장의 지식 을 전통적인 형식, 즉 언어적 저작물, 촬영 영상, 그래프 등으로 표현하게 된다면, 이 또한 창작물의 범주에 넣어 관리할 수 있는 여지가 있다. 특히 디지털 정보 기술을 적용한 생산 과정에서는, 이 과정에 따라 발생한 데이터를 모두 모아 콘텐츠의 형식으로 표현할 수 있다. 이런 노하우의 가치가 담긴 콘텐츠 데이터를 어떤 규칙이나 알고리즘으로 처리하면, 마찬가지로 새로운 현장에 ‘재현’하거나 ‘적용’할 수 있는 지식이 된다. 이는 새로운 형태의 저작물이 될 수 있지 않을까? 이들은 전통적인 형식의 표현 수단이 아니라 ‘데이터’라는 새로운 기호 매체를 이용하고 있으며, 담고 있는 내용도 직접 드러나지 않고 어떤 처리 과정을 거쳐야만 발현되도록 내재되어 있는 형태를 가진 산물이다. 오늘날 지식 환경의 변화는 이들도 저작물의 범주에 넣는 과제를 고려하도록 하는 상황이라 하겠다.",윗글에 비추어 <보기>를 이해한 것으로 적절하지 않은 것은?,"['컴퓨터가 기억하는 정보는 지식에 견줄 수 있다.', '컴퓨터가 처리하는 지식은 데이터로 저장된 정보가 그 원천이 된다.', '컴퓨터가 기억하는 정보를 활용하여 추론하는 과정을 사람의 지능에 견주어 인공 지능이라 한다.', '컴퓨터가 저장하는 정보는 언어와 음악의 형태를 가질 수도 있다는 점에서 인간의 지능 활동과 유사하다.', '컴퓨터가 학습하는 지식을 통해 아직 배우지 않은 내용까지 알아내는 능력이 없다면 인공 지능 이라 할 수 없다.']",4,인공 지능은 사람의 지적 활동을 기계 장치가 흉내 내거나 대신할 수 있도록 만들어진 것을 일 컫는다. 대부분 컴퓨터 장치를 이용해서 만들어지므로 컴퓨터 프로그램을 의미하는 경우가 많다. 인공 지능을 그대로 사람의 지능 활동과 연결하면 기계 학습을 통해 축적된 지식을 활용하여 학 습하지 않은 영역의 데이터에 대해 어떤 처리를 하는 것이 된다.
kbs-korean68-73,"양자 역학에서 EPR 역설은 물리량의 측정 문제를 제기한 사고 실험이다. 사고 실험이란 머릿속에서 생각으로 진행하는 실험으로 실험에 필요한 장치와 조건을 가정한 후 이론을 바 탕으로 일어날 결과를 예측한다. 1935년 ⓐ 아인슈타인(Einstein)은 포돌스키(Podolsky), 로 젠(Rogen)과 함께 양자 역학이 논리적으로 완전하지 않음을 보이기 위해 이 역설을 발표했 으며, EPR은 그들의 이름을 딴 것이다. 이 역설은 양자 역학의 주류인 코펜하겐학파의 해 석에 대한 문제 제기에서 시작한다. 코펜하겐학파의 해석에 의하면 전자(電子)는 파동함수 로 표현할 수 있는데, 여러 가지 상태가 확률적으로 겹쳐있으며, 관측을 하면 그와 동시에 파동함수가 붕괴되어 더 이상 겹침 상태가 아니라 단 하나의 상태로 결정된다. EPR 역설은 코펜하겐학파 해석에서 여러 상태가 확률적으로 겹쳐있다는 양자 중첩의 개념을 반박하고자 제시되었다. 이를 이해하기 위해서는 국소성 개념의 이해가 필요하다. 물리학에서는 국소성 이론이 통용되는데, 국소성이란 어떤 물체가 주변에 주는 물리적 영 향은 바로 인접한 영역으로만 전파된다는 성질을 말하며, 공간을 뛰어넘어 순간적으로 영향 을 미칠 수 없다는 뜻이다. 이는 물리적 영향을 매개하는 무엇인가가 존재하여 그것을 통하 여 그 영향이 차례차례 전달된다는 것이다. 아인슈타인의 상대성 이론에 따르면, 매개물을 통한 영향의 전달에는 유한한 시간이 걸리며 그 속도는 진공 중의 빛의 속도를 넘을 수 없 다. 따라서 떨어진 두 물체 사이에서 국소성이란 빛보다 빠른 영향의 전달이 불가능함을 의 미한다. EPR 역설을 이해하기 위해 검은색 공과 하얀색 공이 들어있는 상자가 각각 있다고 가정 해보자. 어떤 색의 공이 들어있는 상자인지 모른 채 두 상자를 수십 광년 떨어뜨려 놓은 후 한쪽 상자에 들어있는 공의 색을 관찰하면 다른 상자에 들어있는 공의 색을 알 수가 있다. 즉 한쪽 상자를 열어 색을 관찰하면 다른 쪽 상자를 열어서 관측하지 않고도 그 색을 알 수 있다는 것이다. 그런데 이 두 가지 색의 공들은 서로 국소성의 원리가 작용하지 않을 만큼 먼 거리에 있으며 빛보다 빠른 존재가 있을 수 없음에도 불구하고 다른 한쪽의 상태를 알 수 있는, 달리 말해 광속보다 빠른 원격 작용이 일어나는 셈이라는 것이다. 아인슈타인은 이러한 EPR 역설을 통해 양자 역학이 예측하는 바가 ㉠ 유령 같은 원격 작용이라고 지칭하 며 양자 중첩의 개념을 부정하고자 했다. 양자 역학은 확률적이다. 우리는 무엇인가 정확하게 알지 못하는 것이 있을 때 확률로 표 현한다. 하이젠베르크는 불확정성 원리로 그 이유를 설명했다. 운동량과 위치를 동시에 정 확히 측정할 수 없기 때문에 확률의 개념이 필요하다는 것이다. 하지만 아인슈타인이 주도 한 EPR 역설은 여기에 의문을 제기한다. 아인슈타인은 우리는 원칙적으로 자연에 대해 완 벽하게 알 수 있으나 단지 지금 우리가 알지 못하는 ‘무언가’가 있는데, 그것 때문에 양자 역학에서 확률의 개념인 양자 중첩이 나오는 것이라고 보았다. 그 알지 못하는 ‘무언가’를 알게 되었을 때, 양자 역학에서 확률은 제거된다는 것이다. 그 ‘무언가’를 숨은 변수라 하며, 원자 수준의 실제 실험을 통해 오늘날 대부분 과학자는 숨은 변수는 없고, 아인슈타인이 틀 렸다고 생각한다.",윗글에 대한 설명으로 가장 적절한 것은?,"['다양한 이론을 분류하는 새로운 기준을 제시하고 있다.', '현상을 설명하는 한 이론의 장점과 한계점을 지적하고 있다.', '가상 실험을 통해 특정 이론을 반박한 내용을 소개하고 있다.', '존재하는 대상과 존재하지 않는 대상의 사례를 제시하고 있다.', '유사한 범주의 대상을 비교하여 공통적 속성을 추리하고 있다.']",3,
kbs-korean68-74,"양자 역학에서 EPR 역설은 물리량의 측정 문제를 제기한 사고 실험이다. 사고 실험이란 머릿속에서 생각으로 진행하는 실험으로 실험에 필요한 장치와 조건을 가정한 후 이론을 바 탕으로 일어날 결과를 예측한다. 1935년 ⓐ 아인슈타인(Einstein)은 포돌스키(Podolsky), 로 젠(Rogen)과 함께 양자 역학이 논리적으로 완전하지 않음을 보이기 위해 이 역설을 발표했 으며, EPR은 그들의 이름을 딴 것이다. 이 역설은 양자 역학의 주류인 코펜하겐학파의 해 석에 대한 문제 제기에서 시작한다. 코펜하겐학파의 해석에 의하면 전자(電子)는 파동함수 로 표현할 수 있는데, 여러 가지 상태가 확률적으로 겹쳐있으며, 관측을 하면 그와 동시에 파동함수가 붕괴되어 더 이상 겹침 상태가 아니라 단 하나의 상태로 결정된다. EPR 역설은 코펜하겐학파 해석에서 여러 상태가 확률적으로 겹쳐있다는 양자 중첩의 개념을 반박하고자 제시되었다. 이를 이해하기 위해서는 국소성 개념의 이해가 필요하다. 물리학에서는 국소성 이론이 통용되는데, 국소성이란 어떤 물체가 주변에 주는 물리적 영 향은 바로 인접한 영역으로만 전파된다는 성질을 말하며, 공간을 뛰어넘어 순간적으로 영향 을 미칠 수 없다는 뜻이다. 이는 물리적 영향을 매개하는 무엇인가가 존재하여 그것을 통하 여 그 영향이 차례차례 전달된다는 것이다. 아인슈타인의 상대성 이론에 따르면, 매개물을 통한 영향의 전달에는 유한한 시간이 걸리며 그 속도는 진공 중의 빛의 속도를 넘을 수 없 다. 따라서 떨어진 두 물체 사이에서 국소성이란 빛보다 빠른 영향의 전달이 불가능함을 의 미한다. EPR 역설을 이해하기 위해 검은색 공과 하얀색 공이 들어있는 상자가 각각 있다고 가정 해보자. 어떤 색의 공이 들어있는 상자인지 모른 채 두 상자를 수십 광년 떨어뜨려 놓은 후 한쪽 상자에 들어있는 공의 색을 관찰하면 다른 상자에 들어있는 공의 색을 알 수가 있다. 즉 한쪽 상자를 열어 색을 관찰하면 다른 쪽 상자를 열어서 관측하지 않고도 그 색을 알 수 있다는 것이다. 그런데 이 두 가지 색의 공들은 서로 국소성의 원리가 작용하지 않을 만큼 먼 거리에 있으며 빛보다 빠른 존재가 있을 수 없음에도 불구하고 다른 한쪽의 상태를 알 수 있는, 달리 말해 광속보다 빠른 원격 작용이 일어나는 셈이라는 것이다. 아인슈타인은 이러한 EPR 역설을 통해 양자 역학이 예측하는 바가 ㉠ 유령 같은 원격 작용이라고 지칭하 며 양자 중첩의 개념을 부정하고자 했다. 양자 역학은 확률적이다. 우리는 무엇인가 정확하게 알지 못하는 것이 있을 때 확률로 표 현한다. 하이젠베르크는 불확정성 원리로 그 이유를 설명했다. 운동량과 위치를 동시에 정 확히 측정할 수 없기 때문에 확률의 개념이 필요하다는 것이다. 하지만 아인슈타인이 주도 한 EPR 역설은 여기에 의문을 제기한다. 아인슈타인은 우리는 원칙적으로 자연에 대해 완 벽하게 알 수 있으나 단지 지금 우리가 알지 못하는 ‘무언가’가 있는데, 그것 때문에 양자 역학에서 확률의 개념인 양자 중첩이 나오는 것이라고 보았다. 그 알지 못하는 ‘무언가’를 알게 되었을 때, 양자 역학에서 확률은 제거된다는 것이다. 그 ‘무언가’를 숨은 변수라 하며, 원자 수준의 실제 실험을 통해 오늘날 대부분 과학자는 숨은 변수는 없고, 아인슈타인이 틀 렸다고 생각한다.",윗글의 내용과 일치하는 것은?,"['코펜하겐학파는 양자 중첩의 개념을 반박하였다.', '실제 실험을 통해 숨은 변수가 무엇인지 밝혀졌다.', '불확정성의 원리는 측정의 한계 때문에 확률의 개념을 도입한다.', '측정을 하면 전자의 파동함수는 붕괴되어 겹침의 상태로 존재한다.', '국소성 이론에 의하면 물체가 인접하지 않은 영역에 순간적으로 영향을 미칠 수 있다.']",3,
kbs-korean68-75,"양자 역학에서 EPR 역설은 물리량의 측정 문제를 제기한 사고 실험이다. 사고 실험이란 머릿속에서 생각으로 진행하는 실험으로 실험에 필요한 장치와 조건을 가정한 후 이론을 바 탕으로 일어날 결과를 예측한다. 1935년 ⓐ 아인슈타인(Einstein)은 포돌스키(Podolsky), 로 젠(Rogen)과 함께 양자 역학이 논리적으로 완전하지 않음을 보이기 위해 이 역설을 발표했 으며, EPR은 그들의 이름을 딴 것이다. 이 역설은 양자 역학의 주류인 코펜하겐학파의 해 석에 대한 문제 제기에서 시작한다. 코펜하겐학파의 해석에 의하면 전자(電子)는 파동함수 로 표현할 수 있는데, 여러 가지 상태가 확률적으로 겹쳐있으며, 관측을 하면 그와 동시에 파동함수가 붕괴되어 더 이상 겹침 상태가 아니라 단 하나의 상태로 결정된다. EPR 역설은 코펜하겐학파 해석에서 여러 상태가 확률적으로 겹쳐있다는 양자 중첩의 개념을 반박하고자 제시되었다. 이를 이해하기 위해서는 국소성 개념의 이해가 필요하다. 물리학에서는 국소성 이론이 통용되는데, 국소성이란 어떤 물체가 주변에 주는 물리적 영 향은 바로 인접한 영역으로만 전파된다는 성질을 말하며, 공간을 뛰어넘어 순간적으로 영향 을 미칠 수 없다는 뜻이다. 이는 물리적 영향을 매개하는 무엇인가가 존재하여 그것을 통하 여 그 영향이 차례차례 전달된다는 것이다. 아인슈타인의 상대성 이론에 따르면, 매개물을 통한 영향의 전달에는 유한한 시간이 걸리며 그 속도는 진공 중의 빛의 속도를 넘을 수 없 다. 따라서 떨어진 두 물체 사이에서 국소성이란 빛보다 빠른 영향의 전달이 불가능함을 의 미한다. EPR 역설을 이해하기 위해 검은색 공과 하얀색 공이 들어있는 상자가 각각 있다고 가정 해보자. 어떤 색의 공이 들어있는 상자인지 모른 채 두 상자를 수십 광년 떨어뜨려 놓은 후 한쪽 상자에 들어있는 공의 색을 관찰하면 다른 상자에 들어있는 공의 색을 알 수가 있다. 즉 한쪽 상자를 열어 색을 관찰하면 다른 쪽 상자를 열어서 관측하지 않고도 그 색을 알 수 있다는 것이다. 그런데 이 두 가지 색의 공들은 서로 국소성의 원리가 작용하지 않을 만큼 먼 거리에 있으며 빛보다 빠른 존재가 있을 수 없음에도 불구하고 다른 한쪽의 상태를 알 수 있는, 달리 말해 광속보다 빠른 원격 작용이 일어나는 셈이라는 것이다. 아인슈타인은 이러한 EPR 역설을 통해 양자 역학이 예측하는 바가 ㉠ 유령 같은 원격 작용이라고 지칭하 며 양자 중첩의 개념을 부정하고자 했다. 양자 역학은 확률적이다. 우리는 무엇인가 정확하게 알지 못하는 것이 있을 때 확률로 표 현한다. 하이젠베르크는 불확정성 원리로 그 이유를 설명했다. 운동량과 위치를 동시에 정 확히 측정할 수 없기 때문에 확률의 개념이 필요하다는 것이다. 하지만 아인슈타인이 주도 한 EPR 역설은 여기에 의문을 제기한다. 아인슈타인은 우리는 원칙적으로 자연에 대해 완 벽하게 알 수 있으나 단지 지금 우리가 알지 못하는 ‘무언가’가 있는데, 그것 때문에 양자 역학에서 확률의 개념인 양자 중첩이 나오는 것이라고 보았다. 그 알지 못하는 ‘무언가’를 알게 되었을 때, 양자 역학에서 확률은 제거된다는 것이다. 그 ‘무언가’를 숨은 변수라 하며, 원자 수준의 실제 실험을 통해 오늘날 대부분 과학자는 숨은 변수는 없고, 아인슈타인이 틀 렸다고 생각한다.",윗글의 ㉠에 대한 이해로 가장 적절한 것은?,"['불확정성의 원리를 증명하는 작용', '진공 속의 빛의 속도보다 빠른 작용', '숨은 변수가 존재함을 입증하는 작용', '사고 실험이 가치 없음을 반증하는 작용', '여러 가지 상태가 겹쳐있는 것을 인정하는 작용']",2,
kbs-korean68-76,"양자 역학에서 EPR 역설은 물리량의 측정 문제를 제기한 사고 실험이다. 사고 실험이란 머릿속에서 생각으로 진행하는 실험으로 실험에 필요한 장치와 조건을 가정한 후 이론을 바 탕으로 일어날 결과를 예측한다. 1935년 ⓐ 아인슈타인(Einstein)은 포돌스키(Podolsky), 로 젠(Rogen)과 함께 양자 역학이 논리적으로 완전하지 않음을 보이기 위해 이 역설을 발표했 으며, EPR은 그들의 이름을 딴 것이다. 이 역설은 양자 역학의 주류인 코펜하겐학파의 해 석에 대한 문제 제기에서 시작한다. 코펜하겐학파의 해석에 의하면 전자(電子)는 파동함수 로 표현할 수 있는데, 여러 가지 상태가 확률적으로 겹쳐있으며, 관측을 하면 그와 동시에 파동함수가 붕괴되어 더 이상 겹침 상태가 아니라 단 하나의 상태로 결정된다. EPR 역설은 코펜하겐학파 해석에서 여러 상태가 확률적으로 겹쳐있다는 양자 중첩의 개념을 반박하고자 제시되었다. 이를 이해하기 위해서는 국소성 개념의 이해가 필요하다. 물리학에서는 국소성 이론이 통용되는데, 국소성이란 어떤 물체가 주변에 주는 물리적 영 향은 바로 인접한 영역으로만 전파된다는 성질을 말하며, 공간을 뛰어넘어 순간적으로 영향 을 미칠 수 없다는 뜻이다. 이는 물리적 영향을 매개하는 무엇인가가 존재하여 그것을 통하 여 그 영향이 차례차례 전달된다는 것이다. 아인슈타인의 상대성 이론에 따르면, 매개물을 통한 영향의 전달에는 유한한 시간이 걸리며 그 속도는 진공 중의 빛의 속도를 넘을 수 없 다. 따라서 떨어진 두 물체 사이에서 국소성이란 빛보다 빠른 영향의 전달이 불가능함을 의 미한다. EPR 역설을 이해하기 위해 검은색 공과 하얀색 공이 들어있는 상자가 각각 있다고 가정 해보자. 어떤 색의 공이 들어있는 상자인지 모른 채 두 상자를 수십 광년 떨어뜨려 놓은 후 한쪽 상자에 들어있는 공의 색을 관찰하면 다른 상자에 들어있는 공의 색을 알 수가 있다. 즉 한쪽 상자를 열어 색을 관찰하면 다른 쪽 상자를 열어서 관측하지 않고도 그 색을 알 수 있다는 것이다. 그런데 이 두 가지 색의 공들은 서로 국소성의 원리가 작용하지 않을 만큼 먼 거리에 있으며 빛보다 빠른 존재가 있을 수 없음에도 불구하고 다른 한쪽의 상태를 알 수 있는, 달리 말해 광속보다 빠른 원격 작용이 일어나는 셈이라는 것이다. 아인슈타인은 이러한 EPR 역설을 통해 양자 역학이 예측하는 바가 ㉠ 유령 같은 원격 작용이라고 지칭하 며 양자 중첩의 개념을 부정하고자 했다. 양자 역학은 확률적이다. 우리는 무엇인가 정확하게 알지 못하는 것이 있을 때 확률로 표 현한다. 하이젠베르크는 불확정성 원리로 그 이유를 설명했다. 운동량과 위치를 동시에 정 확히 측정할 수 없기 때문에 확률의 개념이 필요하다는 것이다. 하지만 아인슈타인이 주도 한 EPR 역설은 여기에 의문을 제기한다. 아인슈타인은 우리는 원칙적으로 자연에 대해 완 벽하게 알 수 있으나 단지 지금 우리가 알지 못하는 ‘무언가’가 있는데, 그것 때문에 양자 역학에서 확률의 개념인 양자 중첩이 나오는 것이라고 보았다. 그 알지 못하는 ‘무언가’를 알게 되었을 때, 양자 역학에서 확률은 제거된다는 것이다. 그 ‘무언가’를 숨은 변수라 하며, 원자 수준의 실제 실험을 통해 오늘날 대부분 과학자는 숨은 변수는 없고, 아인슈타인이 틀 렸다고 생각한다.",<보기>의 ‘반응’ 중 ⓐ의 관점에 부합하는 것을 모두 고른 것은?,"['(가), (나)', '(나), (라)', '(가), (다)', '(다), (라)', '(나), (다)']",2,"어떤 과학자의 주장: 양자와 같은 미시 세계의 입자가 정지해 있다가 두 개의 입자로 붕괴되는 경우가 있다. 이때 두 입자는 정확하게 반분되고 두 입자의 속도는 크기는 같고 방향은 반대이다. 따라서 입자의 운 동량의 절댓값은 서로 같다. 이 경우 멀리 떨어진 상태에서 한 입자의 운동량을 측정하면 다른 입자의 위치와 운동량을 자동으로 알 수 있게 된다.
반응: (가) 두 입자의 운동 속도는 빛의 속도를 넘을 수 없다. (나) 하나의 입자가 두 입자로 붕괴되는 것은 숨은 변수의 작용 때문이다. (다) 한 입자의 운동량 측정을 통해 다른 입자의 운동량을 알게 되는 것은 국소성 이론을 위배한다. (라) 붕괴한 입자 중 하나의 입자의 운동량을 측정하기 전까지는 다른 입자의 운동량을 알 수 없다."
kbs-korean68-77,"힘을 받은 용수철은 일정 길이만큼 순간적으로 순식간에 늘어난다. 재료에 가해지는 힘의 방향과 수직인 면의 단위 면적당 받는 힘을 응력이라 하는데, 추를 제거하여 응력이 없어지 면 용수철은 곧바로 원래의 길이로 돌아간다. 이처럼 가한 힘에 상응하여 순간적으로 변형 이 일어나고 힘을 제거하면 원래의 위치로 돌아가는 성질을 탄성이라 한다. 탄성을 갖는 물 체도 탄성 한계를 넘는 변형을 시키면 가해준 힘을 제거해도 원래의 상태로 돌아가지 않는 영구적인 변형이 생긴다. 탄성 한계에서는 변형과 응력은 정비례의 관계를 갖는다. 이에 반 해 물이나 물렁물렁한 엿과 같은 물질은 힘을 가하면 시간에 따라 물체가 흐르며 변형이 생기고, 응력을 제거하여도 원래의 위치로 돌아가지 않는데 이러한 성질을 점성이라 한다. 액체와 같이 점성을 갖는 물체의 변형은 탄성을 갖는 물체와 달리 즉각적이지 않고 영구적 이다. 탄성과 점성을 동시에 갖는 물체를 점탄성체라고 하는데 대부분의 고분자 물질들은 점탄 성체이다. 점탄성체에서 관찰할 수 있는 대표적인 현상이 응력 완화와 크리프이다. 고분자 물질인 기타 줄의 음고(音高)는 기타 줄의 장력에 비례하여 커지는데, 기타 줄을 일정 길이 만큼 늘려 음고를 고정한다. 이때 장력이란 일정 길이만큼 늘릴 때 가해준 힘에 대해 즉각 적으로 변형이 일어나는 탄성의 성질을 나타낸다. 그러나 변형이 고정된 후 시간이 많이 지 나면 기타 줄에 걸린 장력이 떨어져 음고가 낮아진다. 이처럼 탄성 한계 내에서 점탄성체의 변형을 일정하게 유지했을 때 응력이 시간에 따라 줄어드는 현상을 응력 완화라고 한다. 응 력 완화가 일어나는 이유는 점탄성체를 이루는 분자들이 응력을 완화하는 상태로 천천히 재배열하면서 응력이 줄어들기 때문이다. 이와 달리 크리프는 점탄성체에 고정된 응력을 받게 했을 때 물체가 서서히 영구적인 변 형이 일어나는 것을 일컫는다. 플라스틱 재질의 책 선반에 일정한 무게의 책을 올려놓으면 책 선반이 아래로 즉각적으로 휘게 되는데, 책을 선반에서 제거하면 원래의 위치로 바로 돌 아온다. 원위치로 선반이 바로 돌아온다는 것은 탄성 한계 이내의 탄성 변형이라는 것을 의 미한다. 그런데 같은 무게의 책을 선반에 올린 상태에서 오랜 시간 동안 관찰하면 선반이 천천히 아래로 휘게 되고 ㉠ 책을 제거하여도 선반은 원래의 위치로 돌아오지 않는다. 이처 럼 어떤 물체에 일정한 힘을 가해 주었을 때 시간이 지남에 따라 물체가 천천히 변형되는 현상을 크리프라 한다. 크리프 역시 점탄성체를 구성하는 분자들이 응력에 의해 재배열하면 서 변형이 서서히 일어나는 것이다. 점탄성체가 갖는 탄성과 점성 중 어느 것이 더 많이 발 현되는가는 온도에도 크게 의존한다. 온도가 높을수록 점탄성체 분자의 유동이 원활해져서 크리프와 응력 강화가 가속화된다.",윗글의 ㉠의 의미와 가장 가까운 것은?,"['응력이 제거되어도', '탄성한계를 넘어서도', '시간이 지나지 않아도', '분자들이 재배열 되어도', '가한 힘에 상응하지 않아도']",1,
kbs-korean68-78,"힘을 받은 용수철은 일정 길이만큼 순간적으로 순식간에 늘어난다. 재료에 가해지는 힘의 방향과 수직인 면의 단위 면적당 받는 힘을 응력이라 하는데, 추를 제거하여 응력이 없어지 면 용수철은 곧바로 원래의 길이로 돌아간다. 이처럼 가한 힘에 상응하여 순간적으로 변형 이 일어나고 힘을 제거하면 원래의 위치로 돌아가는 성질을 탄성이라 한다. 탄성을 갖는 물 체도 탄성 한계를 넘는 변형을 시키면 가해준 힘을 제거해도 원래의 상태로 돌아가지 않는 영구적인 변형이 생긴다. 탄성 한계에서는 변형과 응력은 정비례의 관계를 갖는다. 이에 반 해 물이나 물렁물렁한 엿과 같은 물질은 힘을 가하면 시간에 따라 물체가 흐르며 변형이 생기고, 응력을 제거하여도 원래의 위치로 돌아가지 않는데 이러한 성질을 점성이라 한다. 액체와 같이 점성을 갖는 물체의 변형은 탄성을 갖는 물체와 달리 즉각적이지 않고 영구적 이다. 탄성과 점성을 동시에 갖는 물체를 점탄성체라고 하는데 대부분의 고분자 물질들은 점탄 성체이다. 점탄성체에서 관찰할 수 있는 대표적인 현상이 응력 완화와 크리프이다. 고분자 물질인 기타 줄의 음고(音高)는 기타 줄의 장력에 비례하여 커지는데, 기타 줄을 일정 길이 만큼 늘려 음고를 고정한다. 이때 장력이란 일정 길이만큼 늘릴 때 가해준 힘에 대해 즉각 적으로 변형이 일어나는 탄성의 성질을 나타낸다. 그러나 변형이 고정된 후 시간이 많이 지 나면 기타 줄에 걸린 장력이 떨어져 음고가 낮아진다. 이처럼 탄성 한계 내에서 점탄성체의 변형을 일정하게 유지했을 때 응력이 시간에 따라 줄어드는 현상을 응력 완화라고 한다. 응 력 완화가 일어나는 이유는 점탄성체를 이루는 분자들이 응력을 완화하는 상태로 천천히 재배열하면서 응력이 줄어들기 때문이다. 이와 달리 크리프는 점탄성체에 고정된 응력을 받게 했을 때 물체가 서서히 영구적인 변 형이 일어나는 것을 일컫는다. 플라스틱 재질의 책 선반에 일정한 무게의 책을 올려놓으면 책 선반이 아래로 즉각적으로 휘게 되는데, 책을 선반에서 제거하면 원래의 위치로 바로 돌 아온다. 원위치로 선반이 바로 돌아온다는 것은 탄성 한계 이내의 탄성 변형이라는 것을 의 미한다. 그런데 같은 무게의 책을 선반에 올린 상태에서 오랜 시간 동안 관찰하면 선반이 천천히 아래로 휘게 되고 ㉠ 책을 제거하여도 선반은 원래의 위치로 돌아오지 않는다. 이처 럼 어떤 물체에 일정한 힘을 가해 주었을 때 시간이 지남에 따라 물체가 천천히 변형되는 현상을 크리프라 한다. 크리프 역시 점탄성체를 구성하는 분자들이 응력에 의해 재배열하면 서 변형이 서서히 일어나는 것이다. 점탄성체가 갖는 탄성과 점성 중 어느 것이 더 많이 발 현되는가는 온도에도 크게 의존한다. 온도가 높을수록 점탄성체 분자의 유동이 원활해져서 크리프와 응력 강화가 가속화된다.","윗글을 바탕으로 할 때, <보기>의 ‘관찰’에 대한 (가)~(라)의 ‘이해’ 중 적절한 것을 있는 대로 고른 것은?","['(가)', '(가), (라)', '(나), (다)', '(나), (라)', '(가), (나), (라) ※ [79~82] 다음 글을 읽고 물음에 답하시오. 고장 난 전차 문제는 영국 철학자인 필리파 풋이 1967년에 처음 제시한 철학 문제이다. 브레이크가 고장 난 전차가 가던 선로에는 5명의 사람이 있는데, 지선(支線)에는 1명의 사 람이 있다. 이때 당신이 전차의 기관사라면 가던 쪽으로 계속 갈 것인가, 아니면 지선으로 방향을 틀 것인가? 만약 전차가 고장 난 채로 계속 가도록 내버려 둔다면, 5명의 사람이 죽게 된다. 만약 방 향을 틀게 된다면 1명의 사람이 죽게 된다. 방향을 틀지 않으면 더 많은 사람이 죽게 되는 데, 살릴 수 있는 더 많은 사람을 죽게 했다는 비난을 받을 것이다. 반면에 방향을 틀게 되 면 더 적은 사람이 죽게 된다. 그러나 이것은 기관사가 그 사람을 일부러 죽인 것이다. 방 향을 틀지 않아 죽게 된 5명은 기관사가 의도적으로 죽인 것이 아니라 고장 난 기관차에 의해 죽게 된 것이다. 기관사는 5명이 죽도록 내버려 둔 것뿐이다. ‘죽이는 것’은 ‘죽게 내 버려 두는 것’보다 도덕적으로 나쁘다는 것이 사람들의 직관이다. 따라서 방향을 틀지 않아 도, 틀어도 비난을 받게 된다. 이 딜레마를 일반인에게 물어보면 ⓐ방향을 틀어야 한다고 생각하는 사람이 많다. 철학자 중에서는 ‘이중 효과의 원리’로 방향을 틀어야 한다는 쪽을 옹호하는 사람들이 있다. 어떤 행동에서 좋은 결과와 나쁜 결과가 모두 발생하는데 나쁜 결과를 직접 의도한 것이 아니라 면 그 행동은 허용 가능하다는 주장이다. 예컨대 남에게 고통을 주면 안 된다는 것은 기본 적인 윤리 원칙이지만 의료진이 주사를 놓는 행위를 비난하지 않는다. 주사를 놓은 행위는 치료라는 좋은 결과를 위해 부수적으로 따르는 나쁜 결과이기 때문이다. 마찬가지로 고장 난 전차의 방향을 튼 것은 5명을 살리겠다는 좋은 결과를 의도했지만 1명이 죽었다는 나쁜 결과가 생겼다는 것이다. 그러나 이런 답변에는 나쁜 결과가 생길지 뻔히 아는데도 의도하지 않았다고 말할 수 있']",1,◎ 관찰 - 두 나무 사이에 플라스틱 재질의 빨랫줄을 5cm만큼 늘려서 묶었다가 바로 다시 풀었을 때 원 래의 길이로 되돌아가지 않았다. 이번에는 다시 새 빨랫줄을 2cm만큼 늘려서 묶었다가 풀어 주니 원래의 길이로 되돌아갔다. 이후 빨랫줄을 2cm만큼 늘려 묶고 며칠이 지난 후 살펴보았 더니 줄의 쳐짐은 없었으나 빨랫줄이 받는 힘은 처음보다 작았다. ◎ 이해 (가) 빨랫줄을 5cm만큼 늘리는 과정에서 빨랫줄의 변형과 응력은 정비례 관계를 보이지 않겠군. (나) 빨랫줄의 장력이 낮아지는 현상은 크리프가 일어났다고 할 수 있겠군. (다) 빨랫줄이 받는 힘이 작아진 것은 빨랫줄을 구성하는 분자의 재배열이 일어나지 않았기 때문 이군. (라) 빨랫줄이 받는 힘을 빨랫줄의 겉면적으로 나눈 값이 빨랫줄이 받는 응력에 해당하겠군.
kbs-korean68-79,"고장 난 전차 문제는 영국 철학자인 필리파 풋이 1967년에 처음 제시한 철학 문제이다. 브레이크가 고장 난 전차가 가던 선로에는 5명의 사람이 있는데, 지선(支線)에는 1명의 사 람이 있다. 이때 당신이 전차의 기관사라면 가던 쪽으로 계속 갈 것인가, 아니면 지선으로 방향을 틀 것인가? 만약 전차가 고장 난 채로 계속 가도록 내버려 둔다면, 5명의 사람이 죽게 된다. 만약 방 향을 틀게 된다면 1명의 사람이 죽게 된다. 방향을 틀지 않으면 더 많은 사람이 죽게 되는 데, 살릴 수 있는 더 많은 사람을 죽게 했다는 비난을 받을 것이다. 반면에 방향을 틀게 되 면 더 적은 사람이 죽게 된다. 그러나 이것은 기관사가 그 사람을 일부러 죽인 것이다. 방 향을 틀지 않아 죽게 된 5명은 기관사가 의도적으로 죽인 것이 아니라 고장 난 기관차에 의해 죽게 된 것이다. 기관사는 5명이 죽도록 내버려 둔 것뿐이다. ‘죽이는 것’은 ‘죽게 내 버려 두는 것’보다 도덕적으로 나쁘다는 것이 사람들의 직관이다. 따라서 방향을 틀지 않아 도, 틀어도 비난을 받게 된다. 이 딜레마를 일반인에게 물어보면 ⓐ방향을 틀어야 한다고 생각하는 사람이 많다. 철학자 중에서는 ‘이중 효과의 원리’로 방향을 틀어야 한다는 쪽을 옹호하는 사람들이 있다. 어떤 행동에서 좋은 결과와 나쁜 결과가 모두 발생하는데 나쁜 결과를 직접 의도한 것이 아니라 면 그 행동은 허용 가능하다는 주장이다. 예컨대 남에게 고통을 주면 안 된다는 것은 기본 적인 윤리 원칙이지만 의료진이 주사를 놓는 행위를 비난하지 않는다. 주사를 놓은 행위는 치료라는 좋은 결과를 위해 부수적으로 따르는 나쁜 결과이기 때문이다. 마찬가지로 고장 난 전차의 방향을 튼 것은 5명을 살리겠다는 좋은 결과를 의도했지만 1명이 죽었다는 나쁜 결과가 생겼다는 것이다. 그러나 이런 답변에는 나쁜 결과가 생길지 뻔히 아는데도 의도하지 않았다고 말할 수 있 느냐는 비판이 제기된다. ㉠ 장기 탈취 사고 실험이 그것이다. 서로 다른 장기가 손상되어 이식을 받지 않으면 곧 죽을 환자가 5명 있다고 하자. 한 명이 건강 검진을 받으러 왔는데 이 사람은 5명에 적합한 장기를 모두 가지고 있다. 이 사람을 마취해 장기를 탈취하고서, 그 사람이 죽은 것은 5명을 살린다는 좋은 결과를 위해 생긴 부수적인 나쁜 결과라고 주장 할 수 있을까? 1명이 죽는다는 것은 누구나 예측할 수 있는데 말이다. 이 사례는 고장 난 전차 딜레마와 같은 상황이다. 방향을 틀어야 한다는 직관은 엄격하지 않다는 비판도 받는다. 위 사고 실험이 변형된 ㉡ ‘육교 사고 실험’이 있다. 똑같이 전차의 브레이크가 고장 난 상황인데 전차가 가는 선로의 육교 위에 한 사람이 서 있다. 이 사람은 덩치가 커서 선로로 떨어뜨리면 전차를 멈추게 할 수 있고, 그러면 5명이 살게 된다고 하자. 이때 그를 밀어뜨려야 할까? 위 전차 사고 실험 에서는 방향을 틀어야 한다고 주장한 사람들은 이 실험에서는 밀어서는 안 된다는 의견이 많았다. ⓑ 육교 위의 사람을 미나 전차의 방향을 트나 5명을 살리기 위해 적극적인 행동을 한 것은 똑같은데 말이다. 이것은 사람들의 직관이 그리 일관되지 못함을 보여 준다.",윗글의 딜레마에 대한 설명으로 가장 적절한 것은?,"['1명이 죽거나 1명을 살리거나.', '5명이 죽거나 5명을 살리거나.', '5명을 죽이거나 1명을 죽도록 내버려 두거나.', '더 많은 사람이 죽거나 사람을 일부러 죽이거나.', '좋은 결과를 주는 행동을 하거나 나쁜 결과를 주는 행동을 하거나.']",4,
kbs-korean68-80,"고장 난 전차 문제는 영국 철학자인 필리파 풋이 1967년에 처음 제시한 철학 문제이다. 브레이크가 고장 난 전차가 가던 선로에는 5명의 사람이 있는데, 지선(支線)에는 1명의 사 람이 있다. 이때 당신이 전차의 기관사라면 가던 쪽으로 계속 갈 것인가, 아니면 지선으로 방향을 틀 것인가? 만약 전차가 고장 난 채로 계속 가도록 내버려 둔다면, 5명의 사람이 죽게 된다. 만약 방 향을 틀게 된다면 1명의 사람이 죽게 된다. 방향을 틀지 않으면 더 많은 사람이 죽게 되는 데, 살릴 수 있는 더 많은 사람을 죽게 했다는 비난을 받을 것이다. 반면에 방향을 틀게 되 면 더 적은 사람이 죽게 된다. 그러나 이것은 기관사가 그 사람을 일부러 죽인 것이다. 방 향을 틀지 않아 죽게 된 5명은 기관사가 의도적으로 죽인 것이 아니라 고장 난 기관차에 의해 죽게 된 것이다. 기관사는 5명이 죽도록 내버려 둔 것뿐이다. ‘죽이는 것’은 ‘죽게 내 버려 두는 것’보다 도덕적으로 나쁘다는 것이 사람들의 직관이다. 따라서 방향을 틀지 않아 도, 틀어도 비난을 받게 된다. 이 딜레마를 일반인에게 물어보면 ⓐ방향을 틀어야 한다고 생각하는 사람이 많다. 철학자 중에서는 ‘이중 효과의 원리’로 방향을 틀어야 한다는 쪽을 옹호하는 사람들이 있다. 어떤 행동에서 좋은 결과와 나쁜 결과가 모두 발생하는데 나쁜 결과를 직접 의도한 것이 아니라 면 그 행동은 허용 가능하다는 주장이다. 예컨대 남에게 고통을 주면 안 된다는 것은 기본 적인 윤리 원칙이지만 의료진이 주사를 놓는 행위를 비난하지 않는다. 주사를 놓은 행위는 치료라는 좋은 결과를 위해 부수적으로 따르는 나쁜 결과이기 때문이다. 마찬가지로 고장 난 전차의 방향을 튼 것은 5명을 살리겠다는 좋은 결과를 의도했지만 1명이 죽었다는 나쁜 결과가 생겼다는 것이다. 그러나 이런 답변에는 나쁜 결과가 생길지 뻔히 아는데도 의도하지 않았다고 말할 수 있 느냐는 비판이 제기된다. ㉠ 장기 탈취 사고 실험이 그것이다. 서로 다른 장기가 손상되어 이식을 받지 않으면 곧 죽을 환자가 5명 있다고 하자. 한 명이 건강 검진을 받으러 왔는데 이 사람은 5명에 적합한 장기를 모두 가지고 있다. 이 사람을 마취해 장기를 탈취하고서, 그 사람이 죽은 것은 5명을 살린다는 좋은 결과를 위해 생긴 부수적인 나쁜 결과라고 주장 할 수 있을까? 1명이 죽는다는 것은 누구나 예측할 수 있는데 말이다. 이 사례는 고장 난 전차 딜레마와 같은 상황이다. 방향을 틀어야 한다는 직관은 엄격하지 않다는 비판도 받는다. 위 사고 실험이 변형된 ㉡ ‘육교 사고 실험’이 있다. 똑같이 전차의 브레이크가 고장 난 상황인데 전차가 가는 선로의 육교 위에 한 사람이 서 있다. 이 사람은 덩치가 커서 선로로 떨어뜨리면 전차를 멈추게 할 수 있고, 그러면 5명이 살게 된다고 하자. 이때 그를 밀어뜨려야 할까? 위 전차 사고 실험 에서는 방향을 틀어야 한다고 주장한 사람들은 이 실험에서는 밀어서는 안 된다는 의견이 많았다. ⓑ 육교 위의 사람을 미나 전차의 방향을 트나 5명을 살리기 위해 적극적인 행동을 한 것은 똑같은데 말이다. 이것은 사람들의 직관이 그리 일관되지 못함을 보여 준다.",윗글의 취지에 따를 때 ⓐ가 취해야 하는 일관된 태도는?,"['㉠에서는 장기 탈취에 찬성하고, ㉡에서는 사람 미는 것에 찬성한다.', '㉠에서는 장기 탈취에 찬성하고, ㉡에서는 사람 미는 것에 반대한다.', '㉠에서는 장기 탈취에 반대하고, ㉡에서는 사람 미는 것에 찬성한다.', '㉠에서는 장기 탈취에 반대하고, ㉡에서는 사람 미는 것에 반대한다.', '㉠에서는 장기 탈취에, ㉡에서는 사람 미는 것에 동시에 찬성하거나, 또는 동시에 반대한다.']",1,
kbs-korean68-81,"고장 난 전차 문제는 영국 철학자인 필리파 풋이 1967년에 처음 제시한 철학 문제이다. 브레이크가 고장 난 전차가 가던 선로에는 5명의 사람이 있는데, 지선(支線)에는 1명의 사 람이 있다. 이때 당신이 전차의 기관사라면 가던 쪽으로 계속 갈 것인가, 아니면 지선으로 방향을 틀 것인가? 만약 전차가 고장 난 채로 계속 가도록 내버려 둔다면, 5명의 사람이 죽게 된다. 만약 방 향을 틀게 된다면 1명의 사람이 죽게 된다. 방향을 틀지 않으면 더 많은 사람이 죽게 되는 데, 살릴 수 있는 더 많은 사람을 죽게 했다는 비난을 받을 것이다. 반면에 방향을 틀게 되 면 더 적은 사람이 죽게 된다. 그러나 이것은 기관사가 그 사람을 일부러 죽인 것이다. 방 향을 틀지 않아 죽게 된 5명은 기관사가 의도적으로 죽인 것이 아니라 고장 난 기관차에 의해 죽게 된 것이다. 기관사는 5명이 죽도록 내버려 둔 것뿐이다. ‘죽이는 것’은 ‘죽게 내 버려 두는 것’보다 도덕적으로 나쁘다는 것이 사람들의 직관이다. 따라서 방향을 틀지 않아 도, 틀어도 비난을 받게 된다. 이 딜레마를 일반인에게 물어보면 ⓐ방향을 틀어야 한다고 생각하는 사람이 많다. 철학자 중에서는 ‘이중 효과의 원리’로 방향을 틀어야 한다는 쪽을 옹호하는 사람들이 있다. 어떤 행동에서 좋은 결과와 나쁜 결과가 모두 발생하는데 나쁜 결과를 직접 의도한 것이 아니라 면 그 행동은 허용 가능하다는 주장이다. 예컨대 남에게 고통을 주면 안 된다는 것은 기본 적인 윤리 원칙이지만 의료진이 주사를 놓는 행위를 비난하지 않는다. 주사를 놓은 행위는 치료라는 좋은 결과를 위해 부수적으로 따르는 나쁜 결과이기 때문이다. 마찬가지로 고장 난 전차의 방향을 튼 것은 5명을 살리겠다는 좋은 결과를 의도했지만 1명이 죽었다는 나쁜 결과가 생겼다는 것이다. 그러나 이런 답변에는 나쁜 결과가 생길지 뻔히 아는데도 의도하지 않았다고 말할 수 있 느냐는 비판이 제기된다. ㉠ 장기 탈취 사고 실험이 그것이다. 서로 다른 장기가 손상되어 이식을 받지 않으면 곧 죽을 환자가 5명 있다고 하자. 한 명이 건강 검진을 받으러 왔는데 이 사람은 5명에 적합한 장기를 모두 가지고 있다. 이 사람을 마취해 장기를 탈취하고서, 그 사람이 죽은 것은 5명을 살린다는 좋은 결과를 위해 생긴 부수적인 나쁜 결과라고 주장 할 수 있을까? 1명이 죽는다는 것은 누구나 예측할 수 있는데 말이다. 이 사례는 고장 난 전차 딜레마와 같은 상황이다. 방향을 틀어야 한다는 직관은 엄격하지 않다는 비판도 받는다. 위 사고 실험이 변형된 ㉡ ‘육교 사고 실험’이 있다. 똑같이 전차의 브레이크가 고장 난 상황인데 전차가 가는 선로의 육교 위에 한 사람이 서 있다. 이 사람은 덩치가 커서 선로로 떨어뜨리면 전차를 멈추게 할 수 있고, 그러면 5명이 살게 된다고 하자. 이때 그를 밀어뜨려야 할까? 위 전차 사고 실험 에서는 방향을 틀어야 한다고 주장한 사람들은 이 실험에서는 밀어서는 안 된다는 의견이 많았다. ⓑ 육교 위의 사람을 미나 전차의 방향을 트나 5명을 살리기 위해 적극적인 행동을 한 것은 똑같은데 말이다. 이것은 사람들의 직관이 그리 일관되지 못함을 보여 준다.","윗글을 바탕으로 할 때, <보기>의 ㄱ~ㄷ을 평가한 것으로 옳지 않은 것은?","['ㄱ을 옹호하는 것은 죽이는 것이 죽게 내버려 두는 것보다 도덕적으로 나쁘다는 것을 보여 준다.', 'ㄴ에서 태아가 죽은 것은 이중 효과의 원리에 의해 옹호된다.', 'ㄷ을 이중 효과의 원리로 옹호한다면 환자가 죽은 것은 의도하지 않은 나쁜 결과이다.', '전차의 방향을 틀어야 한다고 주장하는 사람은 방향을 트는 것이 ㄷ의 모르핀 주입과 같다고 생 각한다.', '전차의 방향을 틀지 말아야 한다고 주장하는 사람은 5명이 죽는 것이 ㄱ에서 굶는 사람에게 독 약이 든 먹을 것을 주는 것과 같다고 생각한다.']",5,ㄱ. 굶는 사람에게 먹을 것을 원조하지도 않지만 독약이 든 먹을 것을 주지도 않는다. ㄴ. 산모의 건강이 심각하게 위험하여 태아를 죽였다. ㄷ. 의사는 환자의 고통을 줄이기 위해 다량의 모르핀을 주입했는데 환자는 죽었다.
kbs-korean68-82,"고장 난 전차 문제는 영국 철학자인 필리파 풋이 1967년에 처음 제시한 철학 문제이다. 브레이크가 고장 난 전차가 가던 선로에는 5명의 사람이 있는데, 지선(支線)에는 1명의 사 람이 있다. 이때 당신이 전차의 기관사라면 가던 쪽으로 계속 갈 것인가, 아니면 지선으로 방향을 틀 것인가? 만약 전차가 고장 난 채로 계속 가도록 내버려 둔다면, 5명의 사람이 죽게 된다. 만약 방 향을 틀게 된다면 1명의 사람이 죽게 된다. 방향을 틀지 않으면 더 많은 사람이 죽게 되는 데, 살릴 수 있는 더 많은 사람을 죽게 했다는 비난을 받을 것이다. 반면에 방향을 틀게 되 면 더 적은 사람이 죽게 된다. 그러나 이것은 기관사가 그 사람을 일부러 죽인 것이다. 방 향을 틀지 않아 죽게 된 5명은 기관사가 의도적으로 죽인 것이 아니라 고장 난 기관차에 의해 죽게 된 것이다. 기관사는 5명이 죽도록 내버려 둔 것뿐이다. ‘죽이는 것’은 ‘죽게 내 버려 두는 것’보다 도덕적으로 나쁘다는 것이 사람들의 직관이다. 따라서 방향을 틀지 않아 도, 틀어도 비난을 받게 된다. 이 딜레마를 일반인에게 물어보면 ⓐ방향을 틀어야 한다고 생각하는 사람이 많다. 철학자 중에서는 ‘이중 효과의 원리’로 방향을 틀어야 한다는 쪽을 옹호하는 사람들이 있다. 어떤 행동에서 좋은 결과와 나쁜 결과가 모두 발생하는데 나쁜 결과를 직접 의도한 것이 아니라 면 그 행동은 허용 가능하다는 주장이다. 예컨대 남에게 고통을 주면 안 된다는 것은 기본 적인 윤리 원칙이지만 의료진이 주사를 놓는 행위를 비난하지 않는다. 주사를 놓은 행위는 치료라는 좋은 결과를 위해 부수적으로 따르는 나쁜 결과이기 때문이다. 마찬가지로 고장 난 전차의 방향을 튼 것은 5명을 살리겠다는 좋은 결과를 의도했지만 1명이 죽었다는 나쁜 결과가 생겼다는 것이다. 그러나 이런 답변에는 나쁜 결과가 생길지 뻔히 아는데도 의도하지 않았다고 말할 수 있 느냐는 비판이 제기된다. ㉠ 장기 탈취 사고 실험이 그것이다. 서로 다른 장기가 손상되어 이식을 받지 않으면 곧 죽을 환자가 5명 있다고 하자. 한 명이 건강 검진을 받으러 왔는데 이 사람은 5명에 적합한 장기를 모두 가지고 있다. 이 사람을 마취해 장기를 탈취하고서, 그 사람이 죽은 것은 5명을 살린다는 좋은 결과를 위해 생긴 부수적인 나쁜 결과라고 주장 할 수 있을까? 1명이 죽는다는 것은 누구나 예측할 수 있는데 말이다. 이 사례는 고장 난 전차 딜레마와 같은 상황이다. 방향을 틀어야 한다는 직관은 엄격하지 않다는 비판도 받는다. 위 사고 실험이 변형된 ㉡ ‘육교 사고 실험’이 있다. 똑같이 전차의 브레이크가 고장 난 상황인데 전차가 가는 선로의 육교 위에 한 사람이 서 있다. 이 사람은 덩치가 커서 선로로 떨어뜨리면 전차를 멈추게 할 수 있고, 그러면 5명이 살게 된다고 하자. 이때 그를 밀어뜨려야 할까? 위 전차 사고 실험 에서는 방향을 틀어야 한다고 주장한 사람들은 이 실험에서는 밀어서는 안 된다는 의견이 많았다. ⓑ 육교 위의 사람을 미나 전차의 방향을 트나 5명을 살리기 위해 적극적인 행동을 한 것은 똑같은데 말이다. 이것은 사람들의 직관이 그리 일관되지 못함을 보여 준다.",ⓑ에 대한 반론으로 가장 적절한 것은?,"['육교 위의 사람이나 선로 위의 1명 모두 5명을 위해 희생된 것이다.', '육교 위의 사람을 민 사람은 방향을 튼 사람과 달리 전차의 관계자가 아니다.', '육교 위의 사람은 직접 죽인 것이지만, 선로 위의 1명은 부수적으로 죽은 것이다.', '육교 위의 사람을 민 사람이나 방향을 튼 사람이나 죽이려는 의사는 똑같이 있었다.', '육교 위의 사람은 전차를 멈추게 했지만, 전차의 방향을 튼 것은 전차를 멈추게 하지 못했다.']",3,
kbs-korean68-86,"[삶과 문화] ‘알아야 면장’…면장이 그 면장이 아니라고? 한국어는 유래나 어원이 밝혀지지 않은 말이 많다. 민간 어원도 뒤죽박죽 섞여서, 예컨대 훈몽자회(1527)에 이미 ‘행주’가 나옴에도 ‘행주치마’가 행주대첩(1593)에서 유래한다고 잘 못 알려지기도 했다. 붓, 먹, 배추 등 언뜻 고유어 같지만 사실은 중국어 귀화어이거나 ‘김 치’처럼 한국 한자어가 변한 말도 있고 ‘생각’처럼 취음자 ‘生覺’ 탓에 한자어 느낌이 드는 말도 있다. ㉠ ‘알아야 면장’이 알고 보니 ‘面長’이 아니고 ‘面牆(담을 마주 대하듯 앞이 안 보임, 견문 이 좁음)을 피하다’의 ‘면면장(免面牆)’에서 왔다는 설은 2000년대 들어서부터 퍼졌다. 통념 을 뒤집으니 일단 왠지 그럴싸해 보이기도 한다. 그러나 다시 들여다보면 뭔가 석연치 않 다. 일상에서 잘 안 쓰는 말에 한자 한 자가 더 붙었다가 다시 빠져 속담이 됐다? 다들 ‘面 長’으로 알고 뜻도 잘 통하는데, 검증 없이 억지스레 갖다 붙인 느낌이다. 주로 ㉡ 한문에서 유래하는 고사성어와 달리 ㉢ 속담은 민간에서 전해지는 말이 대다수다. ‘면장(面牆)’은 중국어, 일본어 사전들에서 서경(書經), 후한서(後漢書) 등이 출처로 언급된 다. 그런데 한국 사이트나 기사, 책에서는 논어(論語)의 양화(陽貨)에 공자가 아들 백어에게 공부를 강조하며 하는 말로 나오나, 정작 ‘면면장(免面墻)’이라는 구절은 없다. 人而不為 ‘周南’, ‘召南’, 其猶正牆面而立也與?(사람이 ‘주남’과 ‘소남’을 배우지 않는다면 담장을 마주하고 서 있는 것 같지 않겠는가?) 배우지 않으면 담에 가로막혀 앞도 안 보이고 한 발짝도 못 나가는 것이나 다름없다는 취 지는 어쨌든 같지만, 논어 구절은 ‘면장’도 아닌 ‘장면(牆面)’이며 ‘면할 면(免)’도 없고, 중국 어든 일본어든 ‘免面牆’이나 ‘免牆’이라는 숙어나 관용어도 안 쓴다. 한문을 좀 아는 호사가 들한테 논어부터 떠올라서 그랬겠지만 굳이 후한서나 서경을 출처로 언급하지 않고 ‘免面 牆’도 지어낸 데서 신빙성은 더 떨어진다. ‘알아야 면장’이 조선시대부터 쓰였다는 증거도 없다. 면장이라는 관직은 1910년 생겼다. 이 속담은 1962년 민중서관에서 펴낸 ‘속담사전’에 나오고, 매일경제 1966년 12월 26일 자 ‘알아야 面長을 해’라는 제목의 기사를 볼 때, 아무리 일러야 1940~50년대쯤부터 퍼진 걸 로 짐작된다. 그때부터 퍼진 속담에 뜬금없이 논어든 다른 한문이든 영향을 미치긴 어렵다. 어원이 좀 알쏭달쏭하다고 여겼는지 표준국어대사전은 속담이 ‘면장(面長)’과 ‘면장(面牆)’ 항목에는 없고 ‘알다’에 있다. 다만 ‘알아야 면장을 하지’의 뜻풀이가 ‘어떤 일이든 그 일을 하려면 그것에 관련된 학식이나 실력을 갖추고 있어야 함을 비유적으로 이르는 말’이듯이 ‘면장(面長)’을 넌지시 드러낸다. 북한의 조선말대사전은 ‘면장’과 ‘알다’ 항목에 ‘배워야 면장이라’와 ‘알아야 면장(도 하지)’ 이 있고, 속담 풀이는 ‘그래도 얼마간의 지식이라도 있어야 면장 노릇을 한다는 뜻으로 아 무것이나 다 그 방면의 지식이 있어야 해당한 일을 맡아 할 수 있음을 비겨 이르는 말’이라 나온다. 종합하면 ‘알아야 면장’이 ‘免面牆/免牆’이라는 설은 하나만 알고 둘은 몰라 생긴 가짜 어 원일 가능성이 높다. 통념이나 통설을 깨려면 제대로 깨야 한다. 통념을 깨는 재미에만 몰 두해 별다른 근거도 없이 꾸며내는 우를 범하면 안 된다. 꼭 통념을 깨야 한다는 것도 일종 의 통념이다.",㉠을 반박하는 논리로 적절하지 않은 것은?,"['‘면장(面長)’의 어원이라고 주장하는 ‘면면장(免面牆)’은 문증되지 않는다.', '‘면장(面牆)’이 문증되는 문헌보다 ‘면장(面長)’은 훨씬 후대에 출현하는 말이다.', '‘논어’에는 ‘장면(牆面)’으로 되어 있어 ‘면장(面長)’과는 어형의 차이가 적지 않다.', '속담은 한문에서 유래하는 고사성어와는 달리 주로 민간에서 전해지는 경우가 많다.', '‘표준국어대사전’에 속담 ‘알아야 면장’은 ‘면장(面長)’이 아닌 ‘알다’ 아래에 실려 있다.']",5,
kbs-korean68-87,"[삶과 문화] ‘알아야 면장’…면장이 그 면장이 아니라고? 한국어는 유래나 어원이 밝혀지지 않은 말이 많다. 민간 어원도 뒤죽박죽 섞여서, 예컨대 훈몽자회(1527)에 이미 ‘행주’가 나옴에도 ‘행주치마’가 행주대첩(1593)에서 유래한다고 잘 못 알려지기도 했다. 붓, 먹, 배추 등 언뜻 고유어 같지만 사실은 중국어 귀화어이거나 ‘김 치’처럼 한국 한자어가 변한 말도 있고 ‘생각’처럼 취음자 ‘生覺’ 탓에 한자어 느낌이 드는 말도 있다. ㉠ ‘알아야 면장’이 알고 보니 ‘面長’이 아니고 ‘面牆(담을 마주 대하듯 앞이 안 보임, 견문 이 좁음)을 피하다’의 ‘면면장(免面牆)’에서 왔다는 설은 2000년대 들어서부터 퍼졌다. 통념 을 뒤집으니 일단 왠지 그럴싸해 보이기도 한다. 그러나 다시 들여다보면 뭔가 석연치 않 다. 일상에서 잘 안 쓰는 말에 한자 한 자가 더 붙었다가 다시 빠져 속담이 됐다? 다들 ‘面 長’으로 알고 뜻도 잘 통하는데, 검증 없이 억지스레 갖다 붙인 느낌이다. 주로 ㉡ 한문에서 유래하는 고사성어와 달리 ㉢ 속담은 민간에서 전해지는 말이 대다수다. ‘면장(面牆)’은 중국어, 일본어 사전들에서 서경(書經), 후한서(後漢書) 등이 출처로 언급된 다. 그런데 한국 사이트나 기사, 책에서는 논어(論語)의 양화(陽貨)에 공자가 아들 백어에게 공부를 강조하며 하는 말로 나오나, 정작 ‘면면장(免面墻)’이라는 구절은 없다. 人而不為 ‘周南’, ‘召南’, 其猶正牆面而立也與?(사람이 ‘주남’과 ‘소남’을 배우지 않는다면 담장을 마주하고 서 있는 것 같지 않겠는가?) 배우지 않으면 담에 가로막혀 앞도 안 보이고 한 발짝도 못 나가는 것이나 다름없다는 취 지는 어쨌든 같지만, 논어 구절은 ‘면장’도 아닌 ‘장면(牆面)’이며 ‘면할 면(免)’도 없고, 중국 어든 일본어든 ‘免面牆’이나 ‘免牆’이라는 숙어나 관용어도 안 쓴다. 한문을 좀 아는 호사가 들한테 논어부터 떠올라서 그랬겠지만 굳이 후한서나 서경을 출처로 언급하지 않고 ‘免面 牆’도 지어낸 데서 신빙성은 더 떨어진다. ‘알아야 면장’이 조선시대부터 쓰였다는 증거도 없다. 면장이라는 관직은 1910년 생겼다. 이 속담은 1962년 민중서관에서 펴낸 ‘속담사전’에 나오고, 매일경제 1966년 12월 26일 자 ‘알아야 面長을 해’라는 제목의 기사를 볼 때, 아무리 일러야 1940~50년대쯤부터 퍼진 걸 로 짐작된다. 그때부터 퍼진 속담에 뜬금없이 논어든 다른 한문이든 영향을 미치긴 어렵다. 어원이 좀 알쏭달쏭하다고 여겼는지 표준국어대사전은 속담이 ‘면장(面長)’과 ‘면장(面牆)’ 항목에는 없고 ‘알다’에 있다. 다만 ‘알아야 면장을 하지’의 뜻풀이가 ‘어떤 일이든 그 일을 하려면 그것에 관련된 학식이나 실력을 갖추고 있어야 함을 비유적으로 이르는 말’이듯이 ‘면장(面長)’을 넌지시 드러낸다. 북한의 조선말대사전은 ‘면장’과 ‘알다’ 항목에 ‘배워야 면장이라’와 ‘알아야 면장(도 하지)’ 이 있고, 속담 풀이는 ‘그래도 얼마간의 지식이라도 있어야 면장 노릇을 한다는 뜻으로 아 무것이나 다 그 방면의 지식이 있어야 해당한 일을 맡아 할 수 있음을 비겨 이르는 말’이라 나온다. 종합하면 ‘알아야 면장’이 ‘免面牆/免牆’이라는 설은 하나만 알고 둘은 몰라 생긴 가짜 어 원일 가능성이 높다. 통념이나 통설을 깨려면 제대로 깨야 한다. 통념을 깨는 재미에만 몰 두해 별다른 근거도 없이 꾸며내는 우를 범하면 안 된다. 꼭 통념을 깨야 한다는 것도 일종 의 통념이다.",㉡과 ㉢이 같은 의미로 연결되지 않은 것은?,"['등하불명(燈下不明) - 등잔 밑이 어둡다', '고장난명(孤掌難鳴) - 외손뼉이 소리 날까', '계란유골(鷄卵有骨) - 달걀에도 뼈가 있다', '동가홍상(同價紅裳) - 같은 값이면 다홍치마', '순망치한(脣亡齒寒) - 이가 없으면 잇몸으로 산다 ※ [88~90] 다음 글을 읽고 물음에 답하시오. 수신 제목 수신자 참조 ‘폭염 재난예방 대책설비’ 보조 지원 사업 안내 한국산업안전보건공단 최근 전국적으로 여름철 폭염이 지속될 것으로 예상됨에 따라 공단은 안전하고 건강한 일터를 조성하고 사망 사고를 예방하기 위해 ‘폭염 재난예방 대책설비’ 구입 비용의 일부 를 지원하고자 합니다. ⓐ 1. 지원 안내 ○ 지원 대상: 폭염 재난의 ㉠ 리스크가 큰 작업을 보유한 50명 미만인 모든 업종 사업 장 (단, 산업재해보상보험에 가입한 근로자 수 기준) ※ 참여 제한: 다음의 어느 하나에 해당하는 경우 신청이 불가하며, 사업에 선정된 이후 라도 참여 제한 ㉡ 이슈가 발견되는 경우 선정이 취소됨 ▸ 산업안전보건법 제158조 제4항(보조금 부당수급 등)에 따른 제한 기간 중인 사업장 ▸ 최근 3년 이내 근로자의 산업재해보상보험을 체납한 이력이 있는 사업장 ○ 지원 품목: 이동식 에어컨, 그늘막(모두 신품에 한함) ※ 사업장 자체적으로 지원 품목을 ㉢ 모니터링하여 적합한 제품 및 공급 업체를 선정할 것 ○ 지원 한도: 사업장 당 2,000만 원']",5,
